{"stats":{"minecraft:used":{"minecraft:sand":1},"minecraft:dropped":{"minecraft:diamond_shovel":2},"minecraft:picked_up":{"minecraft:diamond_shovel":2,"minecraft:stick":2,"minecraft:sand":1},"minecraft:mined":{"minecraft:oak_leaves":3,"minecraft:sand":1},"minecraft:custom":{"minecraft:jump":60,"minecraft:open_chest":6,"minecraft:time_since_rest":10554,"minecraft:play_one_minute":14622,"minecraft:walk_one_cm":41186,"minecraft:leave_game":6,"minecraft:damage_taken":270,"minecraft:time_since_death":8844,"minecraft:walk_on_water_one_cm":1232,"minecraft:deaths":1,"minecraft:sneak_time":363,"minecraft:walk_under_water_one_cm":1188,"minecraft:drop":2,"minecraft:fall_one_cm":335,"minecraft:fly_one_cm":185}},"DataVersion":2586}