{"stats":{"minecraft:used":{"minecraft:sand":1},"minecraft:mined":{"minecraft:oak_log":2,"minecraft:sand":1,"minecraft:oak_leaves":3},"minecraft:picked_up":{"minecraft:stick":2,"minecraft:diamond_shovel":2,"minecraft:sand":1,"minecraft:oak_log":2},"minecraft:dropped":{"minecraft:diamond_shovel":2},"minecraft:custom":{"minecraft:time_since_rest":17086,"minecraft:open_chest":11,"minecraft:play_one_minute":21154,"minecraft:damage_taken":315,"minecraft:deaths":1,"minecraft:walk_one_cm":48463,"minecraft:sneak_time":396,"minecraft:walk_under_water_one_cm":1188,"minecraft:drop":2,"minecraft:jump":66,"minecraft:leave_game":8,"minecraft:walk_on_water_one_cm":1232,"minecraft:time_since_death":15376,"minecraft:climb_one_cm":152,"minecraft:fall_one_cm":335,"minecraft:fly_one_cm":261}},"DataVersion":2586}