{"stats":{"minecraft:crafted":{"minecraft:stone_sword":1,"minecraft:oak_planks":48,"minecraft:crafting_table":1,"minecraft:stick":12,"minecraft:wooden_pickaxe":1,"minecraft:stone_pickaxe":1},"minecraft:killed_by":{"minecraft:spider":1},"minecraft:mined":{"minecraft:grass":4,"minecraft:grass_block":2,"minecraft:oak_log":17,"minecraft:dirt":1,"minecraft:iron_ore":8,"minecraft:stone":33},"minecraft:used":{"minecraft:oak_log":5,"minecraft:cobblestone":11,"minecraft:crafting_table":1,"minecraft:stone_pickaxe":14,"minecraft:wooden_pickaxe":27},"minecraft:picked_up":{"minecraft:iron_ore":8,"minecraft:oak_log":17,"minecraft:dirt":3,"minecraft:cobblestone":33},"minecraft:custom":{"minecraft:time_since_rest":100,"minecraft:crouch_one_cm":250,"minecraft:play_one_minute":25077,"minecraft:deaths":2,"minecraft:sprint_one_cm":36530,"minecraft:damage_taken":460,"minecraft:walk_one_cm":65130,"minecraft:bell_ring":4,"minecraft:sneak_time":408,"minecraft:walk_under_water_one_cm":229,"minecraft:jump":362,"minecraft:leave_game":2,"minecraft:walk_on_water_one_cm":7787,"minecraft:time_since_death":59,"minecraft:climb_one_cm":299,"minecraft:interact_with_crafting_table":2,"minecraft:fall_one_cm":9979,"minecraft:fly_one_cm":67038}},"DataVersion":2586}