{"stats":{"minecraft:crafted":{"minecraft:stone_sword":1,"minecraft:oak_planks":48,"minecraft:crafting_table":1,"minecraft:stick":12,"minecraft:wooden_pickaxe":1,"minecraft:stone_pickaxe":1},"minecraft:mined":{"minecraft:grass":2,"minecraft:oak_log":17,"minecraft:stone":33},"minecraft:used":{"minecraft:oak_log":5,"minecraft:crafting_table":1,"minecraft:stone_pickaxe":6,"minecraft:wooden_pickaxe":27},"minecraft:picked_up":{"minecraft:oak_log":17,"minecraft:cobblestone":33},"minecraft:custom":{"minecraft:time_since_rest":13077,"minecraft:crouch_one_cm":201,"minecraft:play_one_minute":13077,"minecraft:sprint_one_cm":9581,"minecraft:damage_taken":20,"minecraft:walk_one_cm":7614,"minecraft:sneak_time":186,"minecraft:walk_under_water_one_cm":70,"minecraft:jump":70,"minecraft:leave_game":2,"minecraft:walk_on_water_one_cm":4204,"minecraft:time_since_death":13077,"minecraft:interact_with_crafting_table":2,"minecraft:fall_one_cm":880,"minecraft:fly_one_cm":8441}},"DataVersion":2586}