{"stats":{"minecraft:killed_by":{"minecraft:spider":1},"minecraft:crafted":{"minecraft:stone_sword":1,"minecraft:oak_planks":48,"minecraft:crafting_table":1,"minecraft:stick":12,"minecraft:wooden_pickaxe":1,"minecraft:stone_pickaxe":1},"minecraft:custom":{"minecraft:time_since_rest":2759,"minecraft:play_one_minute":27736,"minecraft:crouch_one_cm":856,"minecraft:damage_taken":490,"minecraft:sprint_one_cm":44168,"minecraft:walk_one_cm":70587,"minecraft:deaths":2,"minecraft:bell_ring":4,"minecraft:sneak_time":654,"minecraft:walk_under_water_one_cm":937,"minecraft:jump":390,"minecraft:leave_game":4,"minecraft:time_since_death":2718,"minecraft:walk_on_water_one_cm":8832,"minecraft:climb_one_cm":911,"minecraft:swim_one_cm":3733,"minecraft:interact_with_crafting_table":2,"minecraft:fly_one_cm":72617,"minecraft:fall_one_cm":10548},"minecraft:mined":{"minecraft:grass":4,"minecraft:grass_block":2,"minecraft:oak_log":17,"minecraft:dirt":1,"minecraft:iron_ore":8,"minecraft:stone":33},"minecraft:used":{"minecraft:oak_log":5,"minecraft:cobblestone":11,"minecraft:crafting_table":1,"minecraft:stone_pickaxe":14,"minecraft:wooden_pickaxe":27},"minecraft:picked_up":{"minecraft:apple":1,"minecraft:iron_ore":8,"minecraft:oak_log":17,"minecraft:oak_sapling":7,"minecraft:dirt":3,"minecraft:cobblestone":33}},"DataVersion":2586}