{"stats":{"minecraft:killed_by":{"minecraft:spider":1},"minecraft:dropped":{"minecraft:oak_sapling":4},"minecraft:crafted":{"minecraft:oak_planks":96,"minecraft:crafting_table":3,"minecraft:stick":16,"minecraft:wooden_pickaxe":2,"minecraft:stone_pickaxe":2,"minecraft:stone_sword":1},"minecraft:custom":{"minecraft:time_since_rest":14759,"minecraft:sprint_one_cm":66054,"minecraft:damage_taken":645,"minecraft:walk_one_cm":103350,"minecraft:drop":1,"minecraft:interact_with_crafting_table":4,"minecraft:swim_one_cm":3733,"minecraft:fly_one_cm":85117,"minecraft:crouch_one_cm":2317,"minecraft:play_one_minute":39736,"minecraft:deaths":2,"minecraft:sneak_time":1265,"minecraft:bell_ring":4,"minecraft:walk_under_water_one_cm":4272,"minecraft:jump":497,"minecraft:leave_game":4,"minecraft:walk_on_water_one_cm":12959,"minecraft:time_since_death":14718,"minecraft:climb_one_cm":911,"minecraft:fall_one_cm":13267},"minecraft:mined":{"minecraft:oak_sapling":2,"minecraft:iron_ore":14,"minecraft:torch":2,"minecraft:grass":6,"minecraft:grass_block":2,"minecraft:coal_ore":40,"minecraft:oak_log":29,"minecraft:dirt":1,"minecraft:stone":70,"minecraft:oak_leaves":7},"minecraft:used":{"minecraft:oak_log":5,"minecraft:apple":1,"minecraft:stone_pickaxe":65,"minecraft:oak_planks":1,"minecraft:wooden_pickaxe":59,"minecraft:torch":2,"minecraft:cobblestone":13,"minecraft:crafting_table":3,"minecraft:oak_sapling":15},"minecraft:picked_up":{"minecraft:torch":2,"minecraft:oak_log":29,"minecraft:dirt":3,"minecraft:apple":1,"minecraft:iron_ore":14,"minecraft:oak_sapling":19,"minecraft:coal":40,"minecraft:cobblestone":70}},"DataVersion":2586}