{"stats":{"minecraft:killed_by":{"minecraft:skeleton":3,"minecraft:creeper":1,"minecraft:spider":1},"minecraft:dropped":{"minecraft:oak_sapling":4},"minecraft:crafted":{"minecraft:oak_planks":96,"minecraft:shield":1,"minecraft:crafting_table":4,"minecraft:stick":32,"minecraft:iron_pickaxe":1,"minecraft:iron_ingot":6,"minecraft:wooden_pickaxe":2,"minecraft:stone_pickaxe":2,"minecraft:stone_sword":1,"minecraft:iron_sword":1,"minecraft:furnace":1,"minecraft:torch":24},"minecraft:custom":{"minecraft:time_since_rest":690,"minecraft:interact_with_furnace":2,"minecraft:sprint_one_cm":117341,"minecraft:damage_taken":1520,"minecraft:walk_one_cm":140285,"minecraft:damage_blocked_by_shield":450,"minecraft:drop":1,"minecraft:interact_with_crafting_table":13,"minecraft:swim_one_cm":3733,"minecraft:fly_one_cm":155988,"minecraft:crouch_one_cm":3213,"minecraft:play_one_minute":58613,"minecraft:deaths":6,"minecraft:sneak_time":2094,"minecraft:bell_ring":4,"minecraft:walk_under_water_one_cm":13394,"minecraft:jump":841,"minecraft:leave_game":5,"minecraft:walk_on_water_one_cm":30463,"minecraft:time_since_death":656,"minecraft:climb_one_cm":911,"minecraft:fall_one_cm":20337},"minecraft:mined":{"minecraft:oak_sapling":2,"minecraft:iron_ore":16,"minecraft:torch":3,"minecraft:grass":9,"minecraft:grass_block":2,"minecraft:coal_ore":69,"minecraft:oak_log":29,"minecraft:dirt":1,"minecraft:cobblestone":5,"minecraft:stone":121,"minecraft:gold_ore":3,"minecraft:oak_leaves":7},"minecraft:used":{"minecraft:oak_log":5,"minecraft:apple":1,"minecraft:stone_pickaxe":141,"minecraft:iron_pickaxe":11,"minecraft:oak_planks":1,"minecraft:shield":10,"minecraft:wooden_pickaxe":63,"minecraft:torch":8,"minecraft:cobblestone":24,"minecraft:crafting_table":4,"minecraft:furnace":1,"minecraft:oak_sapling":15},"minecraft:picked_up":{"minecraft:crafting_table":1,"minecraft:torch":4,"minecraft:oak_log":29,"minecraft:gold_ore":3,"minecraft:dirt":3,"minecraft:apple":1,"minecraft:iron_ore":16,"minecraft:oak_sapling":19,"minecraft:coal":69,"minecraft:cobblestone":124}},"DataVersion":2586}