{"stats":{"minecraft:crafted":{"minecraft:oak_planks":4708,"minecraft:chainmail_helmet":8,"minecraft:cobblestone_slab":6,"minecraft:barrel":8,"minecraft:oak_sign":3,"minecraft:cut_sandstone":16,"minecraft:birch_boat":1,"minecraft:diamond_shovel":3,"minecraft:bookshelf":2,"minecraft:cooked_mutton":4,"minecraft:suspicious_stew":7,"minecraft:glass":52,"minecraft:diamond_helmet":1,"minecraft:bow":19,"minecraft:diamond_leggings":3,"minecraft:iron_boots":1,"minecraft:tipped_arrow":60,"minecraft:chest":27,"minecraft:acacia_fence":9,"minecraft:rail":64,"minecraft:oak_slab":42,"minecraft:emerald":518,"minecraft:arrow":192,"minecraft:diamond_axe":2,"minecraft:crafting_table":6,"minecraft:acacia_slab":12,"minecraft:wooden_pickaxe":1,"minecraft:iron_helmet":12,"minecraft:smithing_table":1,"minecraft:fletching_table":4,"minecraft:birch_planks":76,"minecraft:campfire":1,"minecraft:lectern":2,"minecraft:iron_chestplate":1,"minecraft:book":4,"minecraft:paper":54,"minecraft:diamond_pickaxe":3,"minecraft:shield":1,"minecraft:stick":13498,"minecraft:iron_ingot":187,"minecraft:iron_pickaxe":7,"minecraft:sandstone":48,"minecraft:composter":1,"minecraft:shears":1,"minecraft:golden_carrot":42,"minecraft:cookie":36,"minecraft:furnace":4,"minecraft:bone_meal":66,"minecraft:oak_trapdoor":16,"minecraft:polished_diorite":104,"minecraft:iron_axe":5,"minecraft:ladder":9,"minecraft:iron_hoe":1,"minecraft:stone_pickaxe":11,"minecraft:cobblestone_wall":132,"minecraft:diamond_boots":2,"minecraft:minecart":4,"minecraft:wheat":621,"minecraft:cooked_beef":20,"minecraft:crossbow":10,"minecraft:enchanting_table":1,"minecraft:iron_sword":1,"minecraft:cooked_salmon":2,"minecraft:sandstone_slab":48,"minecraft:bucket":4,"minecraft:stone_axe":1,"minecraft:bread":126,"minecraft:air":0,"minecraft:oak_boat":7,"minecraft:smooth_sandstone_slab":42,"minecraft:chainmail_boots":12,"minecraft:wooden_axe":1,"minecraft:iron_shovel":8,"minecraft:iron_leggings":1,"minecraft:white_bed":1,"minecraft:pumpkin_pie":176,"minecraft:acacia_planks":2400,"minecraft:torch":592},"minecraft:used":{"minecraft:iron_shovel":1549,"minecraft:ladder":9,"minecraft:chest":65,"minecraft:shield":20,"minecraft:iron_sword":262,"minecraft:bell":3,"minecraft:smooth_sandstone_stairs":25,"minecraft:rotten_flesh":15,"minecraft:carrot":150,"minecraft:obsidian":13,"minecraft:glass":38,"minecraft:lava_bucket":88,"minecraft:bow":204,"minecraft:oak_sapling":303,"minecraft:furnace":10,"minecraft:egg":1,"minecraft:stone_pickaxe":39,"minecraft:oak_planks":14,"minecraft:cactus":9,"minecraft:blackstone":5,"minecraft:ender_pearl":3,"minecraft:wooden_pickaxe":3,"minecraft:sandstone":18,"minecraft:composter":10,"minecraft:diamond_axe":1544,"minecraft:sand":14,"minecraft:blast_furnace":20,"minecraft:crossbow":10,"minecraft:shears":171,"minecraft:chiseled_sandstone":7,"minecraft:bread":72,"minecraft:cyan_bed":5,"minecraft:lectern":19,"minecraft:white_glazed_terracotta":1,"minecraft:gravel":71,"minecraft:fire_charge":1,"minecraft:grindstone":35,"minecraft:smithing_table":14,"minecraft:oak_boat":19,"minecraft:bone_meal":67,"minecraft:oak_trapdoor":40,"minecraft:iron_bars":7,"minecraft:flint_and_steel":18,"minecraft:cooked_salmon":2,"minecraft:torch":814,"minecraft:dirt":2951,"minecraft:cobblestone_wall":5,"minecraft:granite":1,"minecraft:polished_diorite":58,"minecraft:iron_hoe":217,"minecraft:wooden_axe":37,"minecraft:iron_axe":955,"minecraft:smooth_sandstone":95,"minecraft:barrel":9,"minecraft:basalt":32,"minecraft:golden_carrot":42,"minecraft:minecart":57,"minecraft:cooked_beef":9,"minecraft:acacia_planks":51,"minecraft:cooked_mutton":4,"minecraft:water_bucket":83,"minecraft:cobblestone_stairs":160,"minecraft:smooth_sandstone_slab":78,"minecraft:birch_boat":20,"minecraft:cut_sandstone":210,"minecraft:fletching_table":7,"minecraft:stonecutter":3,"minecraft:green_bed":17,"minecraft:cobblestone_slab":10,"minecraft:lime_terracotta":3,"minecraft:rail":528,"minecraft:terracotta":11,"minecraft:oak_slab":18,"minecraft:lime_bed":10,"minecraft:crafting_table":13,"minecraft:white_bed":3,"minecraft:campfire":1,"minecraft:oak_log":9,"minecraft:diamond_pickaxe":1364,"minecraft:apple":9,"minecraft:diamond_shovel":902,"minecraft:sunflower":1,"minecraft:iron_pickaxe":1993,"minecraft:suspicious_stew":2,"minecraft:map":1,"minecraft:stone_axe":30,"minecraft:cobblestone":626,"minecraft:cooked_porkchop":2,"minecraft:jungle_door":6,"minecraft:bucket":173,"minecraft:sandstone_slab":57,"minecraft:pumpkin_pie":127},"minecraft:mined":{"minecraft:oak_sapling":28,"minecraft:cobblestone_stairs":40,"minecraft:obsidian":10,"minecraft:granite":63,"minecraft:acacia_log":349,"minecraft:grass_block":1716,"minecraft:polished_diorite":3,"minecraft:composter":9,"minecraft:oxeye_daisy":2,"minecraft:tall_seagrass":5,"minecraft:magma_block":1,"minecraft:iron_ore":146,"minecraft:barrel":4,"minecraft:fletching_table":5,"minecraft:iron_bars":11,"minecraft:smooth_sandstone_stairs":31,"minecraft:green_bed":18,"minecraft:sandstone_slab":8,"minecraft:cut_sandstone":258,"minecraft:jungle_door":5,"minecraft:blackstone":6,"minecraft:melon_stem":2,"minecraft:torch":48,"minecraft:blast_furnace":20,"minecraft:poppy":7,"minecraft:chest":40,"minecraft:dead_bush":10,"minecraft:glass":15,"minecraft:cobblestone":460,"minecraft:oak_planks":21,"minecraft:cyan_bed":5,"minecraft:sugar_cane":18,"minecraft:grindstone":37,"minecraft:smooth_sandstone_slab":40,"minecraft:wall_torch":15,"minecraft:seagrass":6,"minecraft:birch_log":21,"minecraft:wheat":13,"minecraft:grass":215,"minecraft:oak_log":1166,"minecraft:lime_terracotta":3,"minecraft:sand":301,"minecraft:dirt":430,"minecraft:sandstone_wall":1,"minecraft:stonecutter":3,"minecraft:oak_leaves":449,"minecraft:diamond_ore":5,"minecraft:cartography_table":1,"minecraft:sandstone":14,"minecraft:hay_block":115,"minecraft:redstone_ore":28,"minecraft:oak_trapdoor":27,"minecraft:furnace":4,"minecraft:carrots":64,"minecraft:chiseled_sandstone":2,"minecraft:acacia_wood":87,"minecraft:andesite":67,"minecraft:acacia_stairs":1,"minecraft:white_glazed_terracotta":1,"minecraft:bell":3,"minecraft:cobblestone_slab":6,"minecraft:rail":415,"minecraft:stripped_acacia_log":23,"minecraft:stone":947,"minecraft:smithing_table":13,"minecraft:oak_slab":18,"minecraft:acacia_leaves":2,"minecraft:glass_pane":1,"minecraft:basalt":36,"minecraft:dandelion":1,"minecraft:smooth_sandstone":202,"minecraft:crafting_table":6,"minecraft:lectern":17,"minecraft:tall_grass":40,"minecraft:lapis_ore":9,"minecraft:diorite":106,"minecraft:cactus":4,"minecraft:lime_bed":11,"minecraft:cobblestone_wall":4,"minecraft:white_carpet":2,"minecraft:grass_path":2,"minecraft:coal_ore":348,"minecraft:gravel":68,"minecraft:sunflower":6,"minecraft:terracotta":11,"minecraft:acacia_planks":5,"minecraft:gold_ore":15},"minecraft:picked_up":{"minecraft:wooden_axe":1,"minecraft:iron_chestplate":5,"minecraft:wheat":82,"minecraft:chainmail_boots":3,"minecraft:smithing_table":14,"minecraft:string":60,"minecraft:iron_leggings":4,"minecraft:oak_sign":12,"minecraft:diamond_leggings":12,"minecraft:gold_nugget":1,"minecraft:bucket":6,"minecraft:cobblestone_slab":6,"minecraft:iron_pickaxe":5,"minecraft:furnace":4,"minecraft:tipped_arrow":335,"minecraft:white_glazed_terracotta":1,"minecraft:stick":381,"minecraft:jungle_door":11,"minecraft:acacia_fence":9,"minecraft:composter":9,"minecraft:torch":291,"minecraft:acacia_log":489,"minecraft:green_bed":18,"minecraft:porkchop":1,"minecraft:diorite":107,"minecraft:golden_chestplate":1,"minecraft:rabbit_foot":39,"minecraft:cactus":42,"minecraft:rotten_flesh":347,"minecraft:obsidian":16,"minecraft:iron_bars":11,"minecraft:cobblestone":1490,"minecraft:birch_log":21,"minecraft:magma_block":2,"minecraft:feather":1,"minecraft:cooked_beef":44,"minecraft:water_bucket":17,"minecraft:andesite":99,"minecraft:brown_wool":1,"minecraft:potato":3,"minecraft:flint":9,"minecraft:smooth_sandstone_stairs":37,"minecraft:map":9,"minecraft:lapis_lazuli":57,"minecraft:dirt":2738,"minecraft:leather_boots":1,"minecraft:glass":106,"minecraft:bone":86,"minecraft:acacia_planks":63,"minecraft:bow":41,"minecraft:stonecutter":4,"minecraft:wheat_seeds":162,"minecraft:bell":3,"minecraft:grindstone":40,"minecraft:diamond_helmet":2,"minecraft:fletching_table":6,"minecraft:rabbit":10,"minecraft:oak_planks":341,"minecraft:cooked_porkchop":2,"minecraft:lime_terracotta":3,"minecraft:sand":572,"minecraft:ink_sac":8,"minecraft:grass_block":4,"minecraft:cyan_bed":5,"minecraft:chiseled_sandstone":2,"minecraft:barrel":4,"minecraft:iron_hoe":3,"minecraft:stripped_acacia_log":23,"minecraft:diamond":8,"minecraft:crossbow":12,"minecraft:granite":60,"minecraft:bone_meal":1,"minecraft:golden_apple":3,"minecraft:chainmail_helmet":17,"minecraft:emerald":413,"minecraft:bread":160,"minecraft:oak_sapling":688,"minecraft:oak_leaves":216,"minecraft:diamond_pickaxe":12,"minecraft:fishing_rod":1,"minecraft:crafting_table":7,"minecraft:sandstone_slab":9,"minecraft:azure_bluet":4,"minecraft:ladder":30,"minecraft:wooden_pickaxe":2,"minecraft:oak_trapdoor":70,"minecraft:iron_axe":4,"minecraft:acacia_door":2,"minecraft:wooden_sword":3,"minecraft:flint_and_steel":17,"minecraft:iron_shovel":5,"minecraft:blackstone":5,"minecraft:cartography_table":3,"minecraft:beef":6,"minecraft:oak_boat":24,"minecraft:iron_nugget":9,"minecraft:poppy":36,"minecraft:minecart":67,"minecraft:lectern":17,"minecraft:sugar_cane":111,"minecraft:chest":93,"minecraft:phantom_membrane":14,"minecraft:egg":1,"minecraft:sandstone":132,"minecraft:oak_door":6,"minecraft:bowl":2,"minecraft:fire_charge":1,"minecraft:carrot":278,"minecraft:redstone":124,"minecraft:smooth_sandstone_slab":37,"minecraft:diamond_chestplate":1,"minecraft:arrow":407,"minecraft:stone_shovel":1,"minecraft:pumpkin_pie":430,"minecraft:diamond_boots":12,"minecraft:hay_block":204,"minecraft:mutton":13,"minecraft:rail":688,"minecraft:white_wool":3,"minecraft:oxeye_daisy":33,"minecraft:lime_bed":11,"minecraft:basalt":36,"minecraft:golden_carrot":155,"minecraft:salmon":27,"minecraft:cut_sandstone":274,"minecraft:leather":16,"minecraft:acacia_wood":87,"minecraft:birch_planks":15,"minecraft:oak_log":1194,"minecraft:cobblestone_wall":644,"minecraft:gunpowder":55,"minecraft:cobblestone_stairs":40,"minecraft:paper":111,"minecraft:white_banner":1,"minecraft:smooth_sandstone":547,"minecraft:apple":175,"minecraft:rabbit_hide":5,"minecraft:iron_ingot":230,"minecraft:stone_pickaxe":1,"minecraft:iron_ore":147,"minecraft:tall_grass":3,"minecraft:acacia_sapling":11,"minecraft:oak_slab":28,"minecraft:birch_boat":33,"minecraft:dandelion":15,"minecraft:gravel":76,"minecraft:lava_bucket":19,"minecraft:blast_furnace":21,"minecraft:gold_ore":13,"minecraft:spider_eye":20,"minecraft:leather_helmet":5,"minecraft:diamond_shovel":15,"minecraft:polished_diorite":3,"minecraft:stone_axe":1,"minecraft:iron_helmet":5,"minecraft:diamond_axe":14,"minecraft:terracotta":11,"minecraft:melon_seeds":4,"minecraft:acacia_slab":5,"minecraft:black_wool":1,"minecraft:coal":443,"minecraft:sunflower":13,"minecraft:ender_pearl":47},"minecraft:custom":{"minecraft:interact_with_crafting_table":111,"minecraft:open_barrel":6,"minecraft:bell_ring":123,"minecraft:leave_game":21,"minecraft:time_since_death":38877,"minecraft:sprint_one_cm":2950359,"minecraft:damage_blocked_by_shield":730,"minecraft:drop":469,"minecraft:talked_to_villager":433,"minecraft:deaths":16,"minecraft:jump":15944,"minecraft:walk_on_water_one_cm":67475,"minecraft:interact_with_furnace":97,"minecraft:traded_with_villager":693,"minecraft:play_one_minute":976467,"minecraft:sleep_in_bed":40,"minecraft:damage_dealt":53781,"minecraft:crouch_one_cm":81016,"minecraft:horse_one_cm":4558,"minecraft:mob_kills":326,"minecraft:climb_one_cm":11409,"minecraft:walk_one_cm":2818157,"minecraft:sneak_time":26616,"minecraft:walk_under_water_one_cm":58171,"minecraft:boat_one_cm":362289,"minecraft:interact_with_blast_furnace":27,"minecraft:interact_with_stonecutter":7,"minecraft:time_since_rest":28087,"minecraft:damage_taken":15422,"minecraft:minecart_one_cm":797,"minecraft:swim_one_cm":70124,"minecraft:fly_one_cm":3203004,"minecraft:open_chest":676,"minecraft:fall_one_cm":300996},"minecraft:broken":{"minecraft:iron_shovel":5,"minecraft:iron_chestplate":1,"minecraft:iron_sword":1,"minecraft:iron_axe":4,"minecraft:iron_pickaxe":8,"minecraft:iron_helmet":1},"minecraft:dropped":{"minecraft:birch_planks":1,"minecraft:diamond_axe":3,"minecraft:ender_pearl":4,"minecraft:diamond":6,"minecraft:crossbow":4,"minecraft:fletching_table":2,"minecraft:rail":7,"minecraft:leather_helmet":3,"minecraft:emerald":4,"minecraft:dirt":73,"minecraft:mutton":9,"minecraft:wooden_sword":1,"minecraft:gold_nugget":1,"minecraft:pumpkin_pie":39,"minecraft:sunflower":3,"minecraft:sand":49,"minecraft:acacia_door":2,"minecraft:bone":7,"minecraft:oak_door":3,"minecraft:stone_axe":2,"minecraft:golden_chestplate":1,"minecraft:wheat":3,"minecraft:rotten_flesh":64,"minecraft:oak_planks":152,"minecraft:diamond_shovel":2,"minecraft:carrot":138,"minecraft:poppy":11,"minecraft:tipped_arrow":38,"minecraft:melon_seeds":1,"minecraft:acacia_sapling":1,"minecraft:chainmail_boots":14,"minecraft:iron_ore":1,"minecraft:oak_leaves":8,"minecraft:iron_ingot":23,"minecraft:bread":121,"minecraft:oak_slab":1,"minecraft:wheat_seeds":51,"minecraft:minecart":1,"minecraft:cobblestone":4,"minecraft:iron_helmet":11,"minecraft:granite":5,"minecraft:chainmail_helmet":17,"minecraft:stick":10,"minecraft:oxeye_daisy":3,"minecraft:lava_bucket":1,"minecraft:diorite":1,"minecraft:ink_sac":2,"minecraft:torch":41,"minecraft:wooden_axe":1,"minecraft:jungle_door":2,"minecraft:iron_leggings":1,"minecraft:smooth_sandstone_slab":1,"minecraft:iron_axe":1,"minecraft:iron_shovel":4,"minecraft:string":14,"minecraft:smooth_sandstone":19,"minecraft:bucket":2,"minecraft:acacia_planks":50,"minecraft:dandelion":11,"minecraft:bowl":4,"minecraft:tall_grass":3,"minecraft:iron_boots":1,"minecraft:iron_hoe":1,"minecraft:shears":1,"minecraft:suspicious_stew":5,"minecraft:filled_map":1,"minecraft:shield":1,"minecraft:diamond_pickaxe":2,"minecraft:iron_chestplate":1,"minecraft:andesite":31,"minecraft:oak_sapling":3,"minecraft:spider_eye":2,"minecraft:sandstone":3,"minecraft:stone_pickaxe":11,"minecraft:wooden_pickaxe":1},"minecraft:killed":{"minecraft:zombified_piglin":1,"minecraft:witch":1,"minecraft:spider":40,"minecraft:skeleton":36,"minecraft:magma_cube":23,"minecraft:pig":2,"minecraft:zombie_villager":6,"minecraft:salmon":15,"minecraft:iron_golem":16,"minecraft:creeper":24,"minecraft:sheep":3,"minecraft:zombie":100,"minecraft:cow":4,"minecraft:phantom":3,"minecraft:horse":2,"minecraft:drowned":1,"minecraft:husk":19,"minecraft:rabbit":9,"minecraft:bat":2,"minecraft:villager":9,"minecraft:enderman":9},"minecraft:killed_by":{"minecraft:zombie_villager":1,"minecraft:creeper":1,"minecraft:witch":2,"minecraft:zombie":3,"minecraft:husk":5,"minecraft:skeleton":2}},"DataVersion":2586}