{"stats":{"minecraft:custom":{"minecraft:interact_with_crafting_table":76,"minecraft:bell_ring":123,"minecraft:leave_game":9,"minecraft:time_since_death":402215,"minecraft:sprint_one_cm":1304707,"minecraft:damage_blocked_by_shield":730,"minecraft:drop":171,"minecraft:talked_to_villager":157,"minecraft:jump":8043,"minecraft:walk_on_water_one_cm":27669,"minecraft:interact_with_furnace":53,"minecraft:traded_with_villager":142,"minecraft:play_one_minute":402215,"minecraft:sleep_in_bed":32,"minecraft:damage_dealt":31048,"minecraft:crouch_one_cm":24603,"minecraft:mob_kills":170,"minecraft:climb_one_cm":266,"minecraft:walk_one_cm":995081,"minecraft:sneak_time":6298,"minecraft:walk_under_water_one_cm":6263,"minecraft:boat_one_cm":213699,"minecraft:interact_with_blast_furnace":5,"minecraft:time_since_rest":48354,"minecraft:damage_taken":2880,"minecraft:swim_one_cm":18260,"minecraft:fly_one_cm":1763033,"minecraft:open_chest":183,"minecraft:fall_one_cm":190774},"minecraft:broken":{"minecraft:iron_shovel":3,"minecraft:iron_axe":3,"minecraft:iron_pickaxe":3},"minecraft:killed":{"minecraft:spider":16,"minecraft:skeleton":18,"minecraft:magma_cube":17,"minecraft:pig":2,"minecraft:salmon":6,"minecraft:iron_golem":14,"minecraft:creeper":14,"minecraft:sheep":3,"minecraft:zombie":42,"minecraft:cow":4,"minecraft:horse":2,"minecraft:husk":12,"minecraft:rabbit":5,"minecraft:bat":2,"minecraft:villager":4,"minecraft:enderman":7},"minecraft:used":{"minecraft:iron_shovel":1093,"minecraft:chest":39,"minecraft:shield":20,"minecraft:iron_sword":240,"minecraft:bell":3,"minecraft:smooth_sandstone_stairs":25,"minecraft:rotten_flesh":7,"minecraft:carrot":127,"minecraft:lava_bucket":70,"minecraft:bow":108,"minecraft:furnace":10,"minecraft:oak_sapling":12,"minecraft:stone_pickaxe":39,"minecraft:oak_planks":7,"minecraft:blackstone":5,"minecraft:wooden_pickaxe":3,"minecraft:sandstone":7,"minecraft:composter":10,"minecraft:sand":6,"minecraft:blast_furnace":15,"minecraft:cyan_bed":3,"minecraft:bread":72,"minecraft:white_glazed_terracotta":1,"minecraft:gravel":23,"minecraft:fire_charge":1,"minecraft:grindstone":19,"minecraft:smithing_table":13,"minecraft:oak_boat":17,"minecraft:bone_meal":67,"minecraft:oak_trapdoor":4,"minecraft:flint_and_steel":1,"minecraft:cooked_salmon":2,"minecraft:torch":490,"minecraft:dirt":1008,"minecraft:iron_hoe":217,"minecraft:wooden_axe":37,"minecraft:iron_axe":726,"minecraft:smooth_sandstone":48,"minecraft:basalt":30,"minecraft:minecart":9,"minecraft:cooked_beef":9,"minecraft:acacia_planks":51,"minecraft:cooked_mutton":4,"minecraft:water_bucket":28,"minecraft:smooth_sandstone_slab":78,"minecraft:birch_boat":11,"minecraft:cut_sandstone":141,"minecraft:fletching_table":3,"minecraft:green_bed":6,"minecraft:lime_terracotta":3,"minecraft:rail":218,"minecraft:terracotta":11,"minecraft:crafting_table":8,"minecraft:lime_bed":4,"minecraft:campfire":1,"minecraft:white_bed":3,"minecraft:oak_log":1,"minecraft:apple":7,"minecraft:iron_pickaxe":976,"minecraft:map":1,"minecraft:stone_axe":30,"minecraft:cobblestone":5,"minecraft:cooked_porkchop":2,"minecraft:jungle_door":2,"minecraft:sandstone_slab":57,"minecraft:bucket":101,"minecraft:pumpkin_pie":5},"minecraft:picked_up":{"minecraft:wooden_axe":1,"minecraft:iron_chestplate":1,"minecraft:wheat":16,"minecraft:smithing_table":13,"minecraft:string":16,"minecraft:furnace":4,"minecraft:white_glazed_terracotta":1,"minecraft:stick":75,"minecraft:jungle_door":8,"minecraft:composter":9,"minecraft:green_bed":7,"minecraft:torch":42,"minecraft:acacia_log":348,"minecraft:porkchop":1,"minecraft:diorite":2,"minecraft:golden_chestplate":1,"minecraft:cactus":33,"minecraft:rotten_flesh":72,"minecraft:obsidian":3,"minecraft:cobblestone":72,"minecraft:birch_log":21,"minecraft:magma_block":2,"minecraft:feather":1,"minecraft:water_bucket":1,"minecraft:andesite":2,"minecraft:brown_wool":1,"minecraft:flint":4,"minecraft:smooth_sandstone_stairs":37,"minecraft:map":9,"minecraft:dirt":1112,"minecraft:bone":22,"minecraft:acacia_planks":9,"minecraft:stonecutter":1,"minecraft:wheat_seeds":85,"minecraft:bell":3,"minecraft:grindstone":23,"minecraft:rabbit":3,"minecraft:fletching_table":2,"minecraft:oak_planks":161,"minecraft:cooked_porkchop":2,"minecraft:lime_terracotta":3,"minecraft:sand":136,"minecraft:ink_sac":8,"minecraft:grass_block":2,"minecraft:cyan_bed":4,"minecraft:stripped_acacia_log":23,"minecraft:iron_hoe":2,"minecraft:bone_meal":1,"minecraft:golden_apple":1,"minecraft:emerald":12,"minecraft:bread":69,"minecraft:oak_sapling":12,"minecraft:crafting_table":4,"minecraft:sandstone_slab":9,"minecraft:wooden_pickaxe":1,"minecraft:oak_trapdoor":4,"minecraft:acacia_door":2,"minecraft:wooden_sword":2,"minecraft:flint_and_steel":1,"minecraft:blackstone":5,"minecraft:cartography_table":1,"minecraft:beef":6,"minecraft:oak_boat":21,"minecraft:iron_nugget":9,"minecraft:poppy":30,"minecraft:minecart":9,"minecraft:chest":26,"minecraft:sugar_cane":106,"minecraft:sandstone":38,"minecraft:oak_door":5,"minecraft:fire_charge":1,"minecraft:carrot":165,"minecraft:smooth_sandstone_slab":37,"minecraft:arrow":79,"minecraft:hay_block":159,"minecraft:mutton":13,"minecraft:white_wool":3,"minecraft:rail":155,"minecraft:oxeye_daisy":10,"minecraft:lime_bed":5,"minecraft:basalt":34,"minecraft:salmon":6,"minecraft:leather":16,"minecraft:cut_sandstone":163,"minecraft:acacia_wood":87,"minecraft:birch_planks":15,"minecraft:oak_log":41,"minecraft:gunpowder":21,"minecraft:paper":15,"minecraft:smooth_sandstone":221,"minecraft:apple":2,"minecraft:rabbit_hide":4,"minecraft:iron_ingot":83,"minecraft:stone_pickaxe":1,"minecraft:iron_ore":94,"minecraft:tall_grass":3,"minecraft:acacia_sapling":3,"minecraft:birch_boat":10,"minecraft:dandelion":9,"minecraft:gravel":25,"minecraft:lava_bucket":1,"minecraft:blast_furnace":16,"minecraft:spider_eye":3,"minecraft:stone_axe":1,"minecraft:iron_helmet":1,"minecraft:terracotta":11,"minecraft:black_wool":1,"minecraft:acacia_slab":5,"minecraft:melon_seeds":4,"minecraft:coal":217,"minecraft:ender_pearl":5,"minecraft:sunflower":2},"minecraft:mined":{"minecraft:acacia_log":349,"minecraft:grass_block":917,"minecraft:composter":9,"minecraft:magma_block":1,"minecraft:iron_ore":93,"minecraft:fletching_table":2,"minecraft:smooth_sandstone_stairs":31,"minecraft:green_bed":7,"minecraft:sandstone_slab":8,"minecraft:cut_sandstone":145,"minecraft:jungle_door":3,"minecraft:blackstone":6,"minecraft:melon_stem":2,"minecraft:torch":10,"minecraft:blast_furnace":16,"minecraft:poppy":5,"minecraft:chest":26,"minecraft:dead_bush":7,"minecraft:cobblestone":4,"minecraft:sugar_cane":18,"minecraft:cyan_bed":4,"minecraft:grindstone":22,"minecraft:oak_planks":11,"minecraft:smooth_sandstone_slab":40,"minecraft:wall_torch":3,"minecraft:seagrass":1,"minecraft:birch_log":21,"minecraft:wheat":13,"minecraft:grass":151,"minecraft:oak_log":41,"minecraft:lime_terracotta":3,"minecraft:sand":120,"minecraft:dirt":57,"minecraft:stonecutter":1,"minecraft:oak_leaves":10,"minecraft:cartography_table":1,"minecraft:sandstone":7,"minecraft:hay_block":115,"minecraft:oak_trapdoor":3,"minecraft:furnace":4,"minecraft:carrots":41,"minecraft:acacia_wood":87,"minecraft:acacia_stairs":1,"minecraft:white_glazed_terracotta":1,"minecraft:bell":3,"minecraft:rail":146,"minecraft:stripped_acacia_log":23,"minecraft:stone":65,"minecraft:smithing_table":13,"minecraft:acacia_leaves":2,"minecraft:glass_pane":1,"minecraft:basalt":34,"minecraft:dandelion":1,"minecraft:smooth_sandstone":147,"minecraft:crafting_table":3,"minecraft:tall_grass":29,"minecraft:diorite":1,"minecraft:lime_bed":5,"minecraft:cactus":1,"minecraft:white_carpet":2,"minecraft:grass_path":1,"minecraft:coal_ore":216,"minecraft:sunflower":3,"minecraft:gravel":25,"minecraft:terracotta":11,"minecraft:acacia_planks":5},"minecraft:dropped":{"minecraft:birch_planks":1,"minecraft:dirt":1,"minecraft:mutton":9,"minecraft:wooden_sword":1,"minecraft:sunflower":2,"minecraft:sand":48,"minecraft:acacia_door":2,"minecraft:oak_door":3,"minecraft:stone_axe":2,"minecraft:golden_chestplate":1,"minecraft:wheat":1,"minecraft:rotten_flesh":33,"minecraft:oak_planks":134,"minecraft:carrot":64,"minecraft:poppy":8,"minecraft:melon_seeds":1,"minecraft:acacia_sapling":1,"minecraft:iron_ore":1,"minecraft:iron_ingot":16,"minecraft:bread":121,"minecraft:wheat_seeds":37,"minecraft:iron_helmet":1,"minecraft:cobblestone":4,"minecraft:stick":9,"minecraft:diorite":1,"minecraft:ink_sac":2,"minecraft:torch":1,"minecraft:wooden_axe":1,"minecraft:jungle_door":2,"minecraft:smooth_sandstone_slab":1,"minecraft:iron_shovel":2,"minecraft:string":5,"minecraft:bucket":1,"minecraft:acacia_planks":4,"minecraft:dandelion":8,"minecraft:tall_grass":3,"minecraft:iron_boots":1,"minecraft:iron_hoe":1,"minecraft:filled_map":1,"minecraft:shield":1,"minecraft:iron_chestplate":1,"minecraft:spider_eye":2,"minecraft:sandstone":3,"minecraft:stone_pickaxe":11,"minecraft:wooden_pickaxe":1},"minecraft:crafted":{"minecraft:oak_planks":148,"minecraft:cut_sandstone":16,"minecraft:birch_boat":1,"minecraft:cooked_mutton":4,"minecraft:bow":1,"minecraft:iron_boots":1,"minecraft:chest":24,"minecraft:acacia_fence":9,"minecraft:rail":64,"minecraft:arrow":160,"minecraft:emerald":118,"minecraft:crafting_table":4,"minecraft:acacia_slab":12,"minecraft:wooden_pickaxe":1,"minecraft:iron_helmet":2,"minecraft:smithing_table":1,"minecraft:fletching_table":2,"minecraft:birch_planks":76,"minecraft:campfire":1,"minecraft:iron_chestplate":1,"minecraft:shield":1,"minecraft:stick":3436,"minecraft:iron_ingot":71,"minecraft:iron_pickaxe":4,"minecraft:sandstone":16,"minecraft:composter":1,"minecraft:furnace":4,"minecraft:bone_meal":66,"minecraft:oak_trapdoor":2,"minecraft:iron_axe":4,"minecraft:iron_hoe":1,"minecraft:stone_pickaxe":11,"minecraft:minecart":2,"minecraft:wheat":621,"minecraft:cooked_beef":11,"minecraft:iron_sword":1,"minecraft:sandstone_slab":48,"minecraft:cooked_salmon":2,"minecraft:bucket":4,"minecraft:stone_axe":1,"minecraft:bread":126,"minecraft:air":0,"minecraft:oak_boat":7,"minecraft:smooth_sandstone_slab":42,"minecraft:wooden_axe":1,"minecraft:iron_shovel":6,"minecraft:iron_leggings":1,"minecraft:white_bed":1,"minecraft:pumpkin_pie":8,"minecraft:acacia_planks":1836,"minecraft:torch":428}},"DataVersion":2586}