{"stats":{"minecraft:crafted":{"minecraft:oak_planks":28,"minecraft:birch_boat":1,"minecraft:furnace":4,"minecraft:cooked_mutton":4,"minecraft:bow":1,"minecraft:iron_boots":1,"minecraft:iron_axe":3,"minecraft:iron_hoe":1,"minecraft:stone_pickaxe":11,"minecraft:chest":1,"minecraft:acacia_fence":9,"minecraft:rail":32,"minecraft:minecart":1,"minecraft:wheat":621,"minecraft:cooked_beef":9,"minecraft:arrow":160,"minecraft:emerald":114,"minecraft:crafting_table":4,"minecraft:acacia_slab":12,"minecraft:wooden_pickaxe":1,"minecraft:iron_helmet":2,"minecraft:iron_sword":1,"minecraft:smithing_table":1,"minecraft:sandstone_slab":48,"minecraft:fletching_table":2,"minecraft:bucket":3,"minecraft:birch_planks":76,"minecraft:campfire":1,"minecraft:stone_axe":1,"minecraft:bread":125,"minecraft:air":0,"minecraft:oak_boat":2,"minecraft:smooth_sandstone_slab":6,"minecraft:iron_chestplate":1,"minecraft:shield":1,"minecraft:stick":3392,"minecraft:iron_ingot":65,"minecraft:iron_pickaxe":3,"minecraft:wooden_axe":1,"minecraft:iron_shovel":5,"minecraft:iron_leggings":1,"minecraft:white_bed":1,"minecraft:composter":1,"minecraft:acacia_planks":1720,"minecraft:torch":268},"minecraft:mined":{"minecraft:acacia_log":320,"minecraft:grass_block":710,"minecraft:composter":7,"minecraft:sandstone":5,"minecraft:hay_block":115,"minecraft:furnace":4,"minecraft:iron_ore":87,"minecraft:acacia_wood":87,"minecraft:acacia_stairs":1,"minecraft:white_glazed_terracotta":1,"minecraft:bell":3,"minecraft:rail":123,"minecraft:stripped_acacia_log":23,"minecraft:smooth_sandstone_stairs":9,"minecraft:stone":62,"minecraft:green_bed":6,"minecraft:smithing_table":12,"minecraft:sandstone_slab":8,"minecraft:cut_sandstone":17,"minecraft:acacia_leaves":2,"minecraft:glass_pane":1,"minecraft:jungle_door":2,"minecraft:melon_stem":2,"minecraft:dandelion":1,"minecraft:smooth_sandstone":43,"minecraft:crafting_table":2,"minecraft:torch":4,"minecraft:poppy":2,"minecraft:blast_furnace":14,"minecraft:chest":12,"minecraft:dead_bush":6,"minecraft:tall_grass":19,"minecraft:cobblestone":4,"minecraft:cyan_bed":2,"minecraft:grindstone":21,"minecraft:oak_planks":9,"minecraft:sugar_cane":16,"minecraft:smooth_sandstone_slab":9,"minecraft:diorite":1,"minecraft:wall_torch":1,"minecraft:seagrass":1,"minecraft:cactus":1,"minecraft:lime_bed":4,"minecraft:birch_log":21,"minecraft:wheat":1,"minecraft:white_carpet":2,"minecraft:grass_path":1,"minecraft:grass":84,"minecraft:oak_log":10,"minecraft:coal_ore":110,"minecraft:sunflower":3,"minecraft:lime_terracotta":3,"minecraft:gravel":25,"minecraft:dirt":38,"minecraft:sand":115,"minecraft:terracotta":11,"minecraft:acacia_planks":5,"minecraft:oak_leaves":6},"minecraft:used":{"minecraft:iron_shovel":873,"minecraft:chest":9,"minecraft:shield":20,"minecraft:iron_sword":57,"minecraft:bell":3,"minecraft:smooth_sandstone_stairs":9,"minecraft:rotten_flesh":2,"minecraft:torch":295,"minecraft:dirt":730,"minecraft:wooden_axe":37,"minecraft:iron_hoe":134,"minecraft:lava_bucket":59,"minecraft:iron_axe":630,"minecraft:smooth_sandstone":35,"minecraft:bow":76,"minecraft:furnace":8,"minecraft:minecart":3,"minecraft:cooked_beef":9,"minecraft:acacia_planks":51,"minecraft:cooked_mutton":4,"minecraft:water_bucket":21,"minecraft:stone_pickaxe":39,"minecraft:oak_planks":5,"minecraft:smooth_sandstone_slab":13,"minecraft:cut_sandstone":17,"minecraft:wooden_pickaxe":3,"minecraft:birch_boat":8,"minecraft:composter":8,"minecraft:sandstone":7,"minecraft:green_bed":6,"minecraft:fletching_table":2,"minecraft:rail":130,"minecraft:lime_terracotta":3,"minecraft:terracotta":11,"minecraft:sand":6,"minecraft:lime_bed":4,"minecraft:blast_furnace":14,"minecraft:crafting_table":6,"minecraft:campfire":1,"minecraft:white_bed":3,"minecraft:bread":38,"minecraft:cyan_bed":2,"minecraft:map":1,"minecraft:iron_pickaxe":502,"minecraft:white_glazed_terracotta":1,"minecraft:gravel":23,"minecraft:stone_axe":30,"minecraft:fire_charge":1,"minecraft:cobblestone":5,"minecraft:cooked_porkchop":2,"minecraft:grindstone":19,"minecraft:smithing_table":13,"minecraft:jungle_door":1,"minecraft:bucket":82,"minecraft:sandstone_slab":52,"minecraft:oak_boat":3},"minecraft:dropped":{"minecraft:iron_ingot":11,"minecraft:bread":121,"minecraft:birch_planks":1,"minecraft:wheat_seeds":18,"minecraft:cobblestone":3,"minecraft:iron_helmet":1,"minecraft:stick":9,"minecraft:dirt":1,"minecraft:diorite":1,"minecraft:ink_sac":2,"minecraft:mutton":9,"minecraft:wooden_axe":1,"minecraft:wooden_sword":1,"minecraft:sunflower":2,"minecraft:smooth_sandstone_slab":1,"minecraft:sand":48,"minecraft:iron_shovel":2,"minecraft:acacia_door":2,"minecraft:string":5,"minecraft:bucket":1,"minecraft:acacia_planks":4,"minecraft:dandelion":8,"minecraft:oak_door":3,"minecraft:stone_axe":2,"minecraft:golden_chestplate":1,"minecraft:tall_grass":3,"minecraft:rotten_flesh":30,"minecraft:oak_planks":134,"minecraft:iron_hoe":1,"minecraft:filled_map":1,"minecraft:poppy":8,"minecraft:iron_chestplate":1,"minecraft:melon_seeds":1,"minecraft:acacia_sapling":1,"minecraft:spider_eye":2,"minecraft:sandstone":1,"minecraft:stone_pickaxe":11,"minecraft:wooden_pickaxe":1},"minecraft:custom":{"minecraft:mob_kills":82,"minecraft:interact_with_crafting_table":50,"minecraft:bell_ring":123,"minecraft:leave_game":2,"minecraft:time_since_death":231793,"minecraft:climb_one_cm":266,"minecraft:sprint_one_cm":755690,"minecraft:walk_one_cm":568066,"minecraft:damage_blocked_by_shield":730,"minecraft:drop":78,"minecraft:talked_to_villager":134,"minecraft:sneak_time":2115,"minecraft:walk_under_water_one_cm":3560,"minecraft:boat_one_cm":23774,"minecraft:jump":4574,"minecraft:walk_on_water_one_cm":19286,"minecraft:interact_with_furnace":38,"minecraft:traded_with_villager":136,"minecraft:play_one_minute":231793,"minecraft:sleep_in_bed":20,"minecraft:time_since_rest":8601,"minecraft:damage_taken":1678,"minecraft:damage_dealt":19057,"minecraft:swim_one_cm":8635,"minecraft:fly_one_cm":967529,"minecraft:open_chest":48,"minecraft:crouch_one_cm":8984,"minecraft:fall_one_cm":114310},"minecraft:killed":{"minecraft:spider":7,"minecraft:skeleton":12,"minecraft:husk":9,"minecraft:pig":2,"minecraft:iron_golem":13,"minecraft:rabbit":3,"minecraft:creeper":4,"minecraft:sheep":3,"minecraft:zombie":17,"minecraft:villager":1,"minecraft:enderman":5,"minecraft:cow":4},"minecraft:broken":{"minecraft:iron_shovel":2,"minecraft:iron_axe":2,"minecraft:iron_pickaxe":2},"minecraft:picked_up":{"minecraft:wooden_axe":1,"minecraft:iron_chestplate":1,"minecraft:crafting_table":2,"minecraft:wheat":10,"minecraft:sandstone_slab":9,"minecraft:smithing_table":12,"minecraft:wooden_pickaxe":1,"minecraft:string":10,"minecraft:acacia_door":2,"minecraft:wooden_sword":1,"minecraft:flint_and_steel":1,"minecraft:beef":6,"minecraft:oak_boat":3,"minecraft:iron_nugget":9,"minecraft:poppy":16,"minecraft:minecart":2,"minecraft:sugar_cane":50,"minecraft:chest":12,"minecraft:furnace":4,"minecraft:white_glazed_terracotta":1,"minecraft:stick":67,"minecraft:sandstone":34,"minecraft:jungle_door":3,"minecraft:oak_door":5,"minecraft:composter":7,"minecraft:torch":27,"minecraft:acacia_log":319,"minecraft:green_bed":6,"minecraft:fire_charge":1,"minecraft:porkchop":1,"minecraft:diorite":1,"minecraft:golden_chestplate":1,"minecraft:smooth_sandstone_slab":8,"minecraft:arrow":13,"minecraft:cactus":16,"minecraft:rotten_flesh":54,"minecraft:hay_block":159,"minecraft:rail":130,"minecraft:obsidian":3,"minecraft:mutton":13,"minecraft:cobblestone":65,"minecraft:white_wool":3,"minecraft:oxeye_daisy":5,"minecraft:birch_log":21,"minecraft:lime_bed":4,"minecraft:water_bucket":1,"minecraft:cut_sandstone":17,"minecraft:leather":5,"minecraft:acacia_wood":87,"minecraft:birch_planks":15,"minecraft:flint":4,"minecraft:smooth_sandstone_stairs":9,"minecraft:oak_log":10,"minecraft:gunpowder":11,"minecraft:paper":10,"minecraft:map":5,"minecraft:dirt":734,"minecraft:smooth_sandstone":42,"minecraft:bone":14,"minecraft:acacia_planks":9,"minecraft:wheat_seeds":46,"minecraft:bell":3,"minecraft:rabbit_hide":3,"minecraft:iron_ingot":80,"minecraft:grindstone":22,"minecraft:stone_pickaxe":1,"minecraft:iron_ore":87,"minecraft:rabbit":1,"minecraft:tall_grass":3,"minecraft:oak_planks":157,"minecraft:acacia_sapling":1,"minecraft:cooked_porkchop":2,"minecraft:birch_boat":7,"minecraft:lime_terracotta":3,"minecraft:dandelion":8,"minecraft:gravel":23,"minecraft:sand":120,"minecraft:blast_furnace":14,"minecraft:ink_sac":8,"minecraft:cyan_bed":2,"minecraft:spider_eye":2,"minecraft:iron_hoe":1,"minecraft:stripped_acacia_log":23,"minecraft:stone_axe":1,"minecraft:iron_helmet":1,"minecraft:golden_apple":1,"minecraft:bread":69,"minecraft:emerald":12,"minecraft:terracotta":11,"minecraft:oak_sapling":2,"minecraft:melon_seeds":3,"minecraft:coal":111,"minecraft:sunflower":2,"minecraft:ender_pearl":3}},"DataVersion":2586}