{"stats":{"minecraft:broken":{"minecraft:iron_shovel":3,"minecraft:iron_axe":3,"minecraft:iron_pickaxe":3},"minecraft:custom":{"minecraft:mob_kills":138,"minecraft:interact_with_crafting_table":71,"minecraft:bell_ring":123,"minecraft:leave_game":9,"minecraft:time_since_death":366215,"minecraft:climb_one_cm":266,"minecraft:sprint_one_cm":1170274,"minecraft:walk_one_cm":918129,"minecraft:damage_blocked_by_shield":730,"minecraft:drop":111,"minecraft:talked_to_villager":153,"minecraft:sneak_time":5801,"minecraft:walk_under_water_one_cm":4883,"minecraft:boat_one_cm":213699,"minecraft:jump":6984,"minecraft:interact_with_blast_furnace":4,"minecraft:walk_on_water_one_cm":25768,"minecraft:interact_with_furnace":38,"minecraft:traded_with_villager":140,"minecraft:play_one_minute":366215,"minecraft:sleep_in_bed":32,"minecraft:time_since_rest":12354,"minecraft:damage_taken":2553,"minecraft:damage_dealt":27035,"minecraft:swim_one_cm":11249,"minecraft:fly_one_cm":1497505,"minecraft:crouch_one_cm":24061,"minecraft:open_chest":98,"minecraft:fall_one_cm":170592},"minecraft:killed":{"minecraft:spider":13,"minecraft:horse":1,"minecraft:skeleton":14,"minecraft:magma_cube":10,"minecraft:husk":9,"minecraft:pig":2,"minecraft:bat":2,"minecraft:rabbit":5,"minecraft:iron_golem":14,"minecraft:creeper":13,"minecraft:sheep":3,"minecraft:zombie":35,"minecraft:villager":4,"minecraft:enderman":7,"minecraft:cow":4},"minecraft:used":{"minecraft:oak_trapdoor":4,"minecraft:iron_shovel":1093,"minecraft:chest":14,"minecraft:shield":20,"minecraft:iron_sword":166,"minecraft:bell":3,"minecraft:smooth_sandstone_stairs":25,"minecraft:rotten_flesh":2,"minecraft:torch":455,"minecraft:dirt":1008,"minecraft:carrot":107,"minecraft:wooden_axe":37,"minecraft:iron_hoe":216,"minecraft:lava_bucket":60,"minecraft:iron_axe":666,"minecraft:smooth_sandstone":48,"minecraft:basalt":26,"minecraft:bow":108,"minecraft:oak_sapling":5,"minecraft:furnace":8,"minecraft:minecart":9,"minecraft:cooked_beef":9,"minecraft:acacia_planks":51,"minecraft:cooked_mutton":4,"minecraft:water_bucket":25,"minecraft:blackstone":5,"minecraft:stone_pickaxe":39,"minecraft:oak_planks":7,"minecraft:smooth_sandstone_slab":78,"minecraft:cut_sandstone":141,"minecraft:wooden_pickaxe":3,"minecraft:birch_boat":11,"minecraft:composter":10,"minecraft:sandstone":7,"minecraft:green_bed":6,"minecraft:fletching_table":3,"minecraft:lime_terracotta":3,"minecraft:rail":218,"minecraft:terracotta":11,"minecraft:sand":6,"minecraft:lime_bed":4,"minecraft:blast_furnace":14,"minecraft:crafting_table":7,"minecraft:white_bed":3,"minecraft:campfire":1,"minecraft:oak_log":1,"minecraft:bread":72,"minecraft:cyan_bed":3,"minecraft:iron_pickaxe":971,"minecraft:map":1,"minecraft:white_glazed_terracotta":1,"minecraft:gravel":23,"minecraft:stone_axe":30,"minecraft:fire_charge":1,"minecraft:cobblestone":5,"minecraft:grindstone":19,"minecraft:smithing_table":13,"minecraft:cooked_porkchop":2,"minecraft:jungle_door":2,"minecraft:bucket":88,"minecraft:sandstone_slab":57,"minecraft:oak_boat":14,"minecraft:bone_meal":55},"minecraft:picked_up":{"minecraft:wooden_axe":1,"minecraft:iron_chestplate":1,"minecraft:crafting_table":3,"minecraft:wheat":16,"minecraft:sandstone_slab":9,"minecraft:smithing_table":13,"minecraft:wooden_pickaxe":1,"minecraft:oak_trapdoor":3,"minecraft:string":14,"minecraft:acacia_door":2,"minecraft:wooden_sword":1,"minecraft:flint_and_steel":1,"minecraft:blackstone":5,"minecraft:cartography_table":1,"minecraft:beef":6,"minecraft:oak_boat":13,"minecraft:iron_nugget":9,"minecraft:poppy":22,"minecraft:minecart":8,"minecraft:sugar_cane":50,"minecraft:chest":13,"minecraft:furnace":4,"minecraft:white_glazed_terracotta":1,"minecraft:stick":72,"minecraft:sandstone":36,"minecraft:jungle_door":8,"minecraft:oak_door":5,"minecraft:composter":9,"minecraft:torch":41,"minecraft:acacia_log":319,"minecraft:green_bed":7,"minecraft:fire_charge":1,"minecraft:porkchop":1,"minecraft:diorite":1,"minecraft:carrot":82,"minecraft:golden_chestplate":1,"minecraft:smooth_sandstone_slab":37,"minecraft:arrow":18,"minecraft:cactus":16,"minecraft:rotten_flesh":63,"minecraft:hay_block":159,"minecraft:obsidian":3,"minecraft:mutton":13,"minecraft:rail":155,"minecraft:white_wool":3,"minecraft:cobblestone":69,"minecraft:oxeye_daisy":5,"minecraft:birch_log":21,"minecraft:magma_block":1,"minecraft:lime_bed":5,"minecraft:basalt":30,"minecraft:water_bucket":1,"minecraft:cut_sandstone":144,"minecraft:leather":7,"minecraft:acacia_wood":87,"minecraft:birch_planks":15,"minecraft:flint":4,"minecraft:smooth_sandstone_stairs":31,"minecraft:oak_log":31,"minecraft:gunpowder":21,"minecraft:map":5,"minecraft:dirt":983,"minecraft:paper":10,"minecraft:smooth_sandstone":145,"minecraft:bone":18,"minecraft:acacia_planks":9,"minecraft:apple":2,"minecraft:fletching_table":2,"minecraft:wheat_seeds":85,"minecraft:bell":3,"minecraft:rabbit_hide":4,"minecraft:iron_ingot":83,"minecraft:grindstone":23,"minecraft:stone_pickaxe":1,"minecraft:iron_ore":94,"minecraft:tall_grass":3,"minecraft:rabbit":3,"minecraft:oak_planks":160,"minecraft:acacia_sapling":1,"minecraft:cooked_porkchop":2,"minecraft:birch_boat":10,"minecraft:dandelion":8,"minecraft:lime_terracotta":3,"minecraft:gravel":24,"minecraft:sand":125,"minecraft:blast_furnace":15,"minecraft:ink_sac":8,"minecraft:grass_block":1,"minecraft:cyan_bed":4,"minecraft:spider_eye":2,"minecraft:iron_hoe":2,"minecraft:stripped_acacia_log":23,"minecraft:stone_axe":1,"minecraft:iron_helmet":1,"minecraft:bone_meal":1,"minecraft:golden_apple":1,"minecraft:bread":69,"minecraft:emerald":12,"minecraft:terracotta":11,"minecraft:oak_sapling":9,"minecraft:melon_seeds":3,"minecraft:coal":217,"minecraft:sunflower":2,"minecraft:ender_pearl":5},"minecraft:mined":{"minecraft:acacia_log":320,"minecraft:grass_block":908,"minecraft:composter":9,"minecraft:cartography_table":1,"minecraft:sandstone":7,"minecraft:hay_block":115,"minecraft:magma_block":1,"minecraft:oak_trapdoor":3,"minecraft:furnace":4,"minecraft:carrots":22,"minecraft:iron_ore":93,"minecraft:acacia_wood":87,"minecraft:acacia_stairs":1,"minecraft:fletching_table":2,"minecraft:white_glazed_terracotta":1,"minecraft:bell":3,"minecraft:rail":146,"minecraft:stripped_acacia_log":23,"minecraft:smooth_sandstone_stairs":31,"minecraft:stone":65,"minecraft:green_bed":7,"minecraft:smithing_table":13,"minecraft:sandstone_slab":8,"minecraft:cut_sandstone":145,"minecraft:acacia_leaves":2,"minecraft:glass_pane":1,"minecraft:jungle_door":3,"minecraft:blackstone":6,"minecraft:melon_stem":2,"minecraft:basalt":32,"minecraft:dandelion":1,"minecraft:smooth_sandstone":147,"minecraft:torch":10,"minecraft:crafting_table":2,"minecraft:blast_furnace":15,"minecraft:poppy":5,"minecraft:chest":13,"minecraft:dead_bush":6,"minecraft:tall_grass":28,"minecraft:cobblestone":4,"minecraft:oak_planks":11,"minecraft:cyan_bed":4,"minecraft:grindstone":22,"minecraft:sugar_cane":16,"minecraft:smooth_sandstone_slab":40,"minecraft:diorite":1,"minecraft:wall_torch":2,"minecraft:seagrass":1,"minecraft:cactus":1,"minecraft:lime_bed":5,"minecraft:birch_log":21,"minecraft:wheat":13,"minecraft:white_carpet":2,"minecraft:grass_path":1,"minecraft:grass":147,"minecraft:coal_ore":216,"minecraft:oak_log":31,"minecraft:lime_terracotta":3,"minecraft:gravel":25,"minecraft:dirt":54,"minecraft:sunflower":3,"minecraft:sand":120,"minecraft:terracotta":11,"minecraft:acacia_planks":5,"minecraft:oak_leaves":8},"minecraft:dropped":{"minecraft:iron_ingot":16,"minecraft:bread":121,"minecraft:birch_planks":1,"minecraft:wheat_seeds":37,"minecraft:cobblestone":4,"minecraft:iron_helmet":1,"minecraft:stick":9,"minecraft:dirt":1,"minecraft:diorite":1,"minecraft:ink_sac":2,"minecraft:torch":1,"minecraft:mutton":9,"minecraft:wooden_axe":1,"minecraft:jungle_door":2,"minecraft:wooden_sword":1,"minecraft:sunflower":2,"minecraft:smooth_sandstone_slab":1,"minecraft:sand":48,"minecraft:iron_shovel":2,"minecraft:acacia_door":2,"minecraft:string":5,"minecraft:bucket":1,"minecraft:acacia_planks":4,"minecraft:dandelion":8,"minecraft:oak_door":3,"minecraft:stone_axe":2,"minecraft:golden_chestplate":1,"minecraft:iron_boots":1,"minecraft:wheat":1,"minecraft:tall_grass":3,"minecraft:rotten_flesh":33,"minecraft:oak_planks":134,"minecraft:iron_hoe":1,"minecraft:carrot":4,"minecraft:filled_map":1,"minecraft:poppy":8,"minecraft:shield":1,"minecraft:iron_chestplate":1,"minecraft:melon_seeds":1,"minecraft:acacia_sapling":1,"minecraft:spider_eye":2,"minecraft:iron_ore":1,"minecraft:sandstone":3,"minecraft:stone_pickaxe":11,"minecraft:wooden_pickaxe":1},"minecraft:crafted":{"minecraft:oak_planks":72,"minecraft:cut_sandstone":16,"minecraft:birch_boat":1,"minecraft:furnace":4,"minecraft:bone_meal":54,"minecraft:cooked_mutton":4,"minecraft:oak_trapdoor":2,"minecraft:bow":1,"minecraft:iron_boots":1,"minecraft:iron_axe":4,"minecraft:iron_hoe":1,"minecraft:stone_pickaxe":11,"minecraft:chest":1,"minecraft:acacia_fence":9,"minecraft:rail":64,"minecraft:minecart":2,"minecraft:wheat":621,"minecraft:cooked_beef":9,"minecraft:arrow":160,"minecraft:emerald":118,"minecraft:crafting_table":4,"minecraft:acacia_slab":12,"minecraft:wooden_pickaxe":1,"minecraft:iron_helmet":2,"minecraft:iron_sword":1,"minecraft:smithing_table":1,"minecraft:sandstone_slab":48,"minecraft:fletching_table":2,"minecraft:bucket":4,"minecraft:birch_planks":76,"minecraft:campfire":1,"minecraft:stone_axe":1,"minecraft:bread":125,"minecraft:air":0,"minecraft:oak_boat":7,"minecraft:smooth_sandstone_slab":42,"minecraft:iron_chestplate":1,"minecraft:shield":1,"minecraft:stick":3428,"minecraft:iron_ingot":71,"minecraft:iron_pickaxe":4,"minecraft:wooden_axe":1,"minecraft:iron_leggings":1,"minecraft:iron_shovel":6,"minecraft:sandstone":16,"minecraft:white_bed":1,"minecraft:composter":1,"minecraft:acacia_planks":1720,"minecraft:torch":412}},"DataVersion":2586}