{"stats":{"minecraft:killed":{"minecraft:spider":5,"minecraft:skeleton":9,"minecraft:husk":5,"minecraft:rabbit":1,"minecraft:iron_golem":4,"minecraft:creeper":2,"minecraft:sheep":3,"minecraft:zombie":13,"minecraft:enderman":4,"minecraft:cow":4},"minecraft:custom":{"minecraft:mob_kills":52,"minecraft:interact_with_crafting_table":35,"minecraft:bell_ring":123,"minecraft:leave_game":1,"minecraft:time_since_death":92771,"minecraft:climb_one_cm":266,"minecraft:sprint_one_cm":375512,"minecraft:walk_one_cm":226598,"minecraft:damage_blocked_by_shield":730,"minecraft:drop":25,"minecraft:talked_to_villager":12,"minecraft:sneak_time":1990,"minecraft:walk_under_water_one_cm":87,"minecraft:boat_one_cm":3480,"minecraft:jump":1829,"minecraft:walk_on_water_one_cm":6273,"minecraft:interact_with_furnace":37,"minecraft:traded_with_villager":22,"minecraft:play_one_minute":92771,"minecraft:sleep_in_bed":5,"minecraft:time_since_rest":21400,"minecraft:damage_taken":732,"minecraft:damage_dealt":12625,"minecraft:swim_one_cm":594,"minecraft:fly_one_cm":341914,"minecraft:open_chest":15,"minecraft:crouch_one_cm":8661,"minecraft:fall_one_cm":39890},"minecraft:used":{"minecraft:iron_shovel":439,"minecraft:shield":20,"minecraft:chest":4,"minecraft:bell":3,"minecraft:smooth_sandstone_stairs":9,"minecraft:rotten_flesh":2,"minecraft:torch":219,"minecraft:dirt":347,"minecraft:iron_hoe":73,"minecraft:wooden_axe":37,"minecraft:lava_bucket":15,"minecraft:iron_axe":124,"minecraft:smooth_sandstone":34,"minecraft:bow":13,"minecraft:furnace":6,"minecraft:cooked_beef":9,"minecraft:cooked_mutton":4,"minecraft:water_bucket":11,"minecraft:stone_pickaxe":39,"minecraft:oak_planks":4,"minecraft:smooth_sandstone_slab":10,"minecraft:birch_boat":6,"minecraft:wooden_pickaxe":3,"minecraft:sandstone":7,"minecraft:cut_sandstone":16,"minecraft:composter":7,"minecraft:fletching_table":1,"minecraft:green_bed":5,"minecraft:lime_terracotta":3,"minecraft:terracotta":11,"minecraft:crafting_table":3,"minecraft:lime_bed":4,"minecraft:white_bed":1,"minecraft:bread":6,"minecraft:cyan_bed":2,"minecraft:iron_pickaxe":319,"minecraft:white_glazed_terracotta":1,"minecraft:gravel":7,"minecraft:stone_axe":30,"minecraft:cobblestone":5,"minecraft:jungle_door":1,"minecraft:sandstone_slab":51,"minecraft:bucket":27},"minecraft:picked_up":{"minecraft:wooden_axe":1,"minecraft:crafting_table":2,"minecraft:wheat":10,"minecraft:sandstone_slab":8,"minecraft:wooden_pickaxe":1,"minecraft:string":8,"minecraft:wooden_sword":1,"minecraft:beef":6,"minecraft:poppy":8,"minecraft:sugar_cane":37,"minecraft:chest":3,"minecraft:furnace":4,"minecraft:sandstone":31,"minecraft:white_glazed_terracotta":1,"minecraft:stick":2,"minecraft:jungle_door":2,"minecraft:oak_door":4,"minecraft:composter":7,"minecraft:torch":10,"minecraft:green_bed":5,"minecraft:diorite":1,"minecraft:smooth_sandstone_slab":8,"minecraft:arrow":11,"minecraft:cactus":13,"minecraft:rotten_flesh":33,"minecraft:hay_block":69,"minecraft:mutton":13,"minecraft:white_wool":3,"minecraft:cobblestone":59,"minecraft:oxeye_daisy":5,"minecraft:birch_log":21,"minecraft:lime_bed":4,"minecraft:water_bucket":1,"minecraft:leather":5,"minecraft:cut_sandstone":16,"minecraft:birch_planks":15,"minecraft:flint":2,"minecraft:smooth_sandstone_stairs":9,"minecraft:oak_log":1,"minecraft:gunpowder":2,"minecraft:dirt":351,"minecraft:smooth_sandstone":41,"minecraft:bone":10,"minecraft:wheat_seeds":14,"minecraft:rabbit_hide":1,"minecraft:stone_pickaxe":1,"minecraft:bell":3,"minecraft:iron_ingot":44,"minecraft:grindstone":1,"minecraft:iron_ore":87,"minecraft:oak_planks":147,"minecraft:birch_boat":6,"minecraft:dandelion":5,"minecraft:lime_terracotta":3,"minecraft:gravel":7,"minecraft:sand":79,"minecraft:ink_sac":1,"minecraft:cyan_bed":2,"minecraft:spider_eye":2,"minecraft:stone_axe":1,"minecraft:bread":14,"minecraft:terracotta":11,"minecraft:coal":104,"minecraft:ender_pearl":2},"minecraft:mined":{"minecraft:grass_block":343,"minecraft:composter":7,"minecraft:sandstone":2,"minecraft:hay_block":70,"minecraft:furnace":4,"minecraft:iron_ore":87,"minecraft:white_glazed_terracotta":1,"minecraft:bell":3,"minecraft:smooth_sandstone_stairs":9,"minecraft:stone":54,"minecraft:green_bed":5,"minecraft:sandstone_slab":7,"minecraft:cut_sandstone":16,"minecraft:jungle_door":2,"minecraft:dandelion":1,"minecraft:smooth_sandstone":42,"minecraft:crafting_table":2,"minecraft:torch":2,"minecraft:chest":3,"minecraft:dead_bush":4,"minecraft:tall_grass":2,"minecraft:cobblestone":4,"minecraft:cyan_bed":2,"minecraft:grindstone":1,"minecraft:oak_planks":8,"minecraft:sugar_cane":12,"minecraft:diorite":1,"minecraft:smooth_sandstone_slab":9,"minecraft:wall_torch":1,"minecraft:cactus":1,"minecraft:lime_bed":4,"minecraft:birch_log":21,"minecraft:grass":35,"minecraft:coal_ore":103,"minecraft:oak_log":1,"minecraft:gravel":7,"minecraft:sand":74,"minecraft:lime_terracotta":3,"minecraft:dirt":11,"minecraft:terracotta":11},"minecraft:crafted":{"minecraft:oak_planks":4,"minecraft:birch_boat":1,"minecraft:furnace":4,"minecraft:cooked_mutton":4,"minecraft:bow":1,"minecraft:iron_boots":1,"minecraft:iron_axe":1,"minecraft:iron_hoe":1,"minecraft:stone_pickaxe":1,"minecraft:chest":1,"minecraft:wheat":621,"minecraft:cooked_beef":9,"minecraft:arrow":160,"minecraft:emerald":12,"minecraft:crafting_table":1,"minecraft:wooden_pickaxe":1,"minecraft:iron_helmet":1,"minecraft:sandstone_slab":48,"minecraft:fletching_table":1,"minecraft:bucket":2,"minecraft:birch_planks":76,"minecraft:stone_axe":1,"minecraft:bread":125,"minecraft:air":0,"minecraft:smooth_sandstone_slab":6,"minecraft:iron_chestplate":1,"minecraft:shield":1,"minecraft:stick":88,"minecraft:iron_ingot":64,"minecraft:iron_pickaxe":2,"minecraft:wooden_axe":1,"minecraft:iron_shovel":3,"minecraft:iron_leggings":1,"minecraft:white_bed":1,"minecraft:torch":240},"minecraft:broken":{"minecraft:iron_shovel":1,"minecraft:iron_pickaxe":1},"minecraft:dropped":{"minecraft:iron_ingot":11,"minecraft:bread":68,"minecraft:birch_planks":1,"minecraft:wheat_seeds":2,"minecraft:iron_helmet":1,"minecraft:dirt":1,"minecraft:diorite":1,"minecraft:mutton":9,"minecraft:wooden_axe":1,"minecraft:wooden_sword":1,"minecraft:iron_shovel":1,"minecraft:string":2,"minecraft:oak_door":3,"minecraft:stone_axe":2,"minecraft:rotten_flesh":14,"minecraft:oak_planks":129,"minecraft:wooden_pickaxe":1,"minecraft:stone_pickaxe":1}},"DataVersion":2586}