{"stats":{"minecraft:custom":{"minecraft:interact_with_crafting_table":87,"minecraft:bell_ring":123,"minecraft:leave_game":12,"minecraft:time_since_death":99052,"minecraft:sprint_one_cm":1683954,"minecraft:damage_blocked_by_shield":730,"minecraft:drop":262,"minecraft:talked_to_villager":218,"minecraft:deaths":4,"minecraft:jump":9823,"minecraft:walk_on_water_one_cm":34819,"minecraft:interact_with_furnace":74,"minecraft:traded_with_villager":274,"minecraft:play_one_minute":535019,"minecraft:sleep_in_bed":34,"minecraft:damage_dealt":36046,"minecraft:crouch_one_cm":32491,"minecraft:mob_kills":209,"minecraft:climb_one_cm":5691,"minecraft:walk_one_cm":1452332,"minecraft:sneak_time":8173,"minecraft:walk_under_water_one_cm":6819,"minecraft:boat_one_cm":362289,"minecraft:interact_with_blast_furnace":18,"minecraft:interact_with_stonecutter":3,"minecraft:time_since_rest":17589,"minecraft:damage_taken":5073,"minecraft:swim_one_cm":18260,"minecraft:fly_one_cm":2109502,"minecraft:open_chest":374,"minecraft:fall_one_cm":208717},"minecraft:broken":{"minecraft:iron_shovel":5,"minecraft:iron_sword":1,"minecraft:iron_axe":4,"minecraft:iron_pickaxe":8},"minecraft:killed":{"minecraft:witch":1,"minecraft:spider":19,"minecraft:skeleton":21,"minecraft:magma_cube":23,"minecraft:pig":2,"minecraft:salmon":6,"minecraft:iron_golem":14,"minecraft:creeper":14,"minecraft:sheep":3,"minecraft:zombie":62,"minecraft:cow":4,"minecraft:horse":2,"minecraft:husk":13,"minecraft:rabbit":9,"minecraft:bat":2,"minecraft:villager":4,"minecraft:enderman":8},"minecraft:used":{"minecraft:iron_shovel":1549,"minecraft:ladder":9,"minecraft:chest":58,"minecraft:shield":20,"minecraft:iron_sword":262,"minecraft:bell":3,"minecraft:smooth_sandstone_stairs":25,"minecraft:rotten_flesh":8,"minecraft:carrot":150,"minecraft:glass":15,"minecraft:lava_bucket":72,"minecraft:bow":132,"minecraft:furnace":10,"minecraft:oak_sapling":64,"minecraft:stone_pickaxe":39,"minecraft:oak_planks":8,"minecraft:blackstone":5,"minecraft:wooden_pickaxe":3,"minecraft:sandstone":7,"minecraft:composter":10,"minecraft:diamond_axe":44,"minecraft:sand":6,"minecraft:blast_furnace":17,"minecraft:crossbow":8,"minecraft:cyan_bed":5,"minecraft:bread":72,"minecraft:white_glazed_terracotta":1,"minecraft:gravel":23,"minecraft:fire_charge":1,"minecraft:grindstone":20,"minecraft:smithing_table":13,"minecraft:oak_boat":19,"minecraft:bone_meal":67,"minecraft:oak_trapdoor":9,"minecraft:flint_and_steel":1,"minecraft:cooked_salmon":2,"minecraft:torch":634,"minecraft:dirt":1962,"minecraft:iron_hoe":217,"minecraft:wooden_axe":37,"minecraft:iron_axe":955,"minecraft:smooth_sandstone":88,"minecraft:basalt":30,"minecraft:minecart":14,"minecraft:cooked_beef":9,"minecraft:acacia_planks":51,"minecraft:cooked_mutton":4,"minecraft:water_bucket":30,"minecraft:cobblestone_stairs":160,"minecraft:smooth_sandstone_slab":78,"minecraft:birch_boat":20,"minecraft:cut_sandstone":183,"minecraft:stonecutter":2,"minecraft:fletching_table":4,"minecraft:green_bed":8,"minecraft:lime_terracotta":3,"minecraft:rail":239,"minecraft:terracotta":11,"minecraft:lime_bed":6,"minecraft:crafting_table":9,"minecraft:white_bed":3,"minecraft:campfire":1,"minecraft:oak_log":1,"minecraft:apple":7,"minecraft:iron_pickaxe":1993,"minecraft:suspicious_stew":2,"minecraft:map":1,"minecraft:stone_axe":30,"minecraft:cobblestone":88,"minecraft:cooked_porkchop":2,"minecraft:jungle_door":4,"minecraft:sandstone_slab":57,"minecraft:bucket":104,"minecraft:pumpkin_pie":37},"minecraft:picked_up":{"minecraft:wooden_axe":1,"minecraft:iron_chestplate":5,"minecraft:wheat":82,"minecraft:smithing_table":14,"minecraft:string":29,"minecraft:iron_leggings":4,"minecraft:bucket":4,"minecraft:iron_pickaxe":5,"minecraft:furnace":4,"minecraft:white_glazed_terracotta":1,"minecraft:stick":129,"minecraft:jungle_door":9,"minecraft:acacia_fence":9,"minecraft:composter":9,"minecraft:acacia_log":348,"minecraft:torch":89,"minecraft:green_bed":11,"minecraft:porkchop":1,"minecraft:diorite":4,"minecraft:golden_chestplate":1,"minecraft:rabbit_foot":1,"minecraft:cactus":33,"minecraft:rotten_flesh":191,"minecraft:obsidian":3,"minecraft:iron_bars":9,"minecraft:cobblestone":658,"minecraft:birch_log":21,"minecraft:magma_block":2,"minecraft:cooked_beef":44,"minecraft:feather":1,"minecraft:water_bucket":5,"minecraft:andesite":52,"minecraft:brown_wool":1,"minecraft:flint":4,"minecraft:smooth_sandstone_stairs":37,"minecraft:map":9,"minecraft:lapis_lazuli":38,"minecraft:dirt":1615,"minecraft:glass":46,"minecraft:bone":45,"minecraft:acacia_planks":9,"minecraft:stonecutter":3,"minecraft:bow":22,"minecraft:wheat_seeds":123,"minecraft:bell":3,"minecraft:grindstone":26,"minecraft:rabbit":10,"minecraft:fletching_table":2,"minecraft:oak_planks":202,"minecraft:cooked_porkchop":2,"minecraft:lime_terracotta":3,"minecraft:sand":155,"minecraft:ink_sac":8,"minecraft:grass_block":2,"minecraft:cyan_bed":5,"minecraft:chiseled_sandstone":1,"minecraft:stripped_acacia_log":23,"minecraft:iron_hoe":3,"minecraft:crossbow":11,"minecraft:granite":38,"minecraft:bone_meal":1,"minecraft:golden_apple":3,"minecraft:emerald":294,"minecraft:bread":160,"minecraft:oak_sapling":90,"minecraft:fishing_rod":1,"minecraft:crafting_table":4,"minecraft:sandstone_slab":9,"minecraft:azure_bluet":4,"minecraft:ladder":30,"minecraft:wooden_pickaxe":2,"minecraft:oak_trapdoor":8,"minecraft:iron_axe":4,"minecraft:acacia_door":2,"minecraft:wooden_sword":3,"minecraft:flint_and_steel":5,"minecraft:iron_shovel":4,"minecraft:blackstone":5,"minecraft:cartography_table":3,"minecraft:beef":6,"minecraft:oak_boat":24,"minecraft:iron_nugget":9,"minecraft:poppy":30,"minecraft:minecart":12,"minecraft:chest":90,"minecraft:sugar_cane":106,"minecraft:egg":1,"minecraft:sandstone":38,"minecraft:oak_door":6,"minecraft:bowl":2,"minecraft:fire_charge":1,"minecraft:carrot":255,"minecraft:redstone":50,"minecraft:smooth_sandstone_slab":37,"minecraft:arrow":372,"minecraft:stone_shovel":1,"minecraft:pumpkin_pie":107,"minecraft:hay_block":204,"minecraft:mutton":13,"minecraft:white_wool":3,"minecraft:rail":180,"minecraft:oxeye_daisy":30,"minecraft:lime_bed":8,"minecraft:basalt":34,"minecraft:salmon":6,"minecraft:cut_sandstone":270,"minecraft:leather":16,"minecraft:acacia_wood":87,"minecraft:birch_planks":15,"minecraft:oak_log":212,"minecraft:gunpowder":40,"minecraft:cobblestone_stairs":40,"minecraft:paper":15,"minecraft:white_banner":1,"minecraft:smooth_sandstone":535,"minecraft:apple":10,"minecraft:rabbit_hide":5,"minecraft:iron_ingot":159,"minecraft:stone_pickaxe":1,"minecraft:iron_ore":120,"minecraft:tall_grass":3,"minecraft:acacia_sapling":3,"minecraft:birch_boat":21,"minecraft:dandelion":9,"minecraft:gravel":33,"minecraft:lava_bucket":9,"minecraft:blast_furnace":18,"minecraft:gold_ore":7,"minecraft:spider_eye":4,"minecraft:stone_axe":1,"minecraft:iron_helmet":5,"minecraft:terracotta":11,"minecraft:black_wool":1,"minecraft:acacia_slab":5,"minecraft:melon_seeds":4,"minecraft:coal":294,"minecraft:sunflower":2,"minecraft:ender_pearl":25},"minecraft:dropped":{"minecraft:birch_planks":1,"minecraft:crossbow":2,"minecraft:dirt":1,"minecraft:mutton":9,"minecraft:wooden_sword":1,"minecraft:sunflower":2,"minecraft:sand":49,"minecraft:acacia_door":2,"minecraft:oak_door":3,"minecraft:stone_axe":2,"minecraft:golden_chestplate":1,"minecraft:wheat":3,"minecraft:rotten_flesh":33,"minecraft:oak_planks":134,"minecraft:carrot":137,"minecraft:poppy":8,"minecraft:melon_seeds":1,"minecraft:acacia_sapling":1,"minecraft:iron_ore":1,"minecraft:iron_ingot":16,"minecraft:bread":121,"minecraft:wheat_seeds":38,"minecraft:cobblestone":4,"minecraft:iron_helmet":1,"minecraft:stick":9,"minecraft:diorite":1,"minecraft:ink_sac":2,"minecraft:torch":1,"minecraft:wooden_axe":1,"minecraft:jungle_door":2,"minecraft:smooth_sandstone_slab":1,"minecraft:iron_shovel":2,"minecraft:string":6,"minecraft:smooth_sandstone":19,"minecraft:bucket":2,"minecraft:acacia_planks":4,"minecraft:dandelion":8,"minecraft:bowl":4,"minecraft:tall_grass":3,"minecraft:iron_boots":1,"minecraft:iron_hoe":1,"minecraft:suspicious_stew":5,"minecraft:filled_map":1,"minecraft:shield":1,"minecraft:iron_chestplate":1,"minecraft:spider_eye":2,"minecraft:sandstone":3,"minecraft:stone_pickaxe":11,"minecraft:wooden_pickaxe":1},"minecraft:mined":{"minecraft:oak_sapling":1,"minecraft:cobblestone_stairs":40,"minecraft:granite":38,"minecraft:acacia_log":349,"minecraft:grass_block":1302,"minecraft:composter":9,"minecraft:magma_block":1,"minecraft:iron_ore":119,"minecraft:fletching_table":2,"minecraft:iron_bars":9,"minecraft:smooth_sandstone_stairs":31,"minecraft:green_bed":11,"minecraft:sandstone_slab":8,"minecraft:cut_sandstone":254,"minecraft:jungle_door":3,"minecraft:blackstone":6,"minecraft:melon_stem":2,"minecraft:torch":35,"minecraft:blast_furnace":17,"minecraft:poppy":5,"minecraft:chest":37,"minecraft:dead_bush":9,"minecraft:cobblestone":11,"minecraft:cyan_bed":5,"minecraft:grindstone":23,"minecraft:sugar_cane":18,"minecraft:oak_planks":12,"minecraft:smooth_sandstone_slab":40,"minecraft:wall_torch":10,"minecraft:seagrass":1,"minecraft:birch_log":21,"minecraft:wheat":13,"minecraft:grass":174,"minecraft:oak_log":213,"minecraft:lime_terracotta":3,"minecraft:sand":140,"minecraft:dirt":106,"minecraft:sandstone_wall":1,"minecraft:stonecutter":2,"minecraft:oak_leaves":48,"minecraft:cartography_table":1,"minecraft:sandstone":7,"minecraft:hay_block":115,"minecraft:redstone_ore":11,"minecraft:oak_trapdoor":7,"minecraft:furnace":4,"minecraft:carrots":64,"minecraft:chiseled_sandstone":1,"minecraft:acacia_wood":87,"minecraft:acacia_stairs":1,"minecraft:andesite":50,"minecraft:white_glazed_terracotta":1,"minecraft:bell":3,"minecraft:rail":163,"minecraft:stripped_acacia_log":23,"minecraft:stone":653,"minecraft:smithing_table":13,"minecraft:acacia_leaves":2,"minecraft:glass_pane":1,"minecraft:basalt":34,"minecraft:dandelion":1,"minecraft:smooth_sandstone":194,"minecraft:crafting_table":3,"minecraft:tall_grass":32,"minecraft:lapis_ore":6,"minecraft:diorite":3,"minecraft:lime_bed":8,"minecraft:cactus":1,"minecraft:white_carpet":2,"minecraft:grass_path":1,"minecraft:coal_ore":263,"minecraft:sunflower":3,"minecraft:gravel":29,"minecraft:terracotta":11,"minecraft:acacia_planks":5,"minecraft:gold_ore":7},"minecraft:killed_by":{"minecraft:zombie_villager":1,"minecraft:witch":2,"minecraft:skeleton":1},"minecraft:crafted":{"minecraft:oak_planks":832,"minecraft:cut_sandstone":16,"minecraft:birch_boat":1,"minecraft:cooked_mutton":4,"minecraft:suspicious_stew":7,"minecraft:glass":29,"minecraft:bow":16,"minecraft:iron_boots":1,"minecraft:tipped_arrow":60,"minecraft:chest":24,"minecraft:acacia_fence":9,"minecraft:rail":64,"minecraft:arrow":160,"minecraft:emerald":179,"minecraft:diamond_axe":1,"minecraft:crafting_table":5,"minecraft:acacia_slab":12,"minecraft:wooden_pickaxe":1,"minecraft:iron_helmet":2,"minecraft:smithing_table":1,"minecraft:fletching_table":2,"minecraft:birch_planks":76,"minecraft:campfire":1,"minecraft:iron_chestplate":1,"minecraft:shield":1,"minecraft:stick":4804,"minecraft:iron_ingot":161,"minecraft:iron_pickaxe":7,"minecraft:sandstone":16,"minecraft:composter":1,"minecraft:golden_carrot":12,"minecraft:cookie":36,"minecraft:furnace":4,"minecraft:bone_meal":66,"minecraft:oak_trapdoor":2,"minecraft:iron_axe":5,"minecraft:ladder":9,"minecraft:iron_hoe":1,"minecraft:stone_pickaxe":11,"minecraft:minecart":3,"minecraft:wheat":621,"minecraft:cooked_beef":20,"minecraft:crossbow":10,"minecraft:iron_sword":1,"minecraft:cooked_salmon":2,"minecraft:sandstone_slab":48,"minecraft:bucket":4,"minecraft:stone_axe":1,"minecraft:bread":126,"minecraft:air":0,"minecraft:oak_boat":7,"minecraft:smooth_sandstone_slab":42,"minecraft:wooden_axe":1,"minecraft:iron_shovel":8,"minecraft:iron_leggings":1,"minecraft:white_bed":1,"minecraft:pumpkin_pie":88,"minecraft:acacia_planks":1836,"minecraft:torch":576}},"DataVersion":2586}