{"stats":{"minecraft:custom":{"minecraft:interact_with_crafting_table":81,"minecraft:bell_ring":123,"minecraft:leave_game":10,"minecraft:time_since_death":50250,"minecraft:sprint_one_cm":1544962,"minecraft:damage_blocked_by_shield":730,"minecraft:drop":258,"minecraft:talked_to_villager":192,"minecraft:deaths":4,"minecraft:jump":9168,"minecraft:walk_on_water_one_cm":32272,"minecraft:interact_with_furnace":71,"minecraft:traded_with_villager":231,"minecraft:play_one_minute":486217,"minecraft:sleep_in_bed":33,"minecraft:damage_dealt":34916,"minecraft:crouch_one_cm":29492,"minecraft:mob_kills":204,"minecraft:climb_one_cm":5691,"minecraft:walk_one_cm":1300093,"minecraft:sneak_time":7564,"minecraft:walk_under_water_one_cm":6530,"minecraft:boat_one_cm":314956,"minecraft:interact_with_blast_furnace":12,"minecraft:time_since_rest":31686,"minecraft:damage_taken":4936,"minecraft:swim_one_cm":18260,"minecraft:fly_one_cm":2005773,"minecraft:open_chest":305,"minecraft:fall_one_cm":203556},"minecraft:broken":{"minecraft:iron_shovel":4,"minecraft:iron_sword":1,"minecraft:iron_axe":3,"minecraft:iron_pickaxe":5},"minecraft:killed":{"minecraft:witch":1,"minecraft:spider":18,"minecraft:skeleton":21,"minecraft:magma_cube":23,"minecraft:pig":2,"minecraft:salmon":6,"minecraft:iron_golem":14,"minecraft:creeper":14,"minecraft:sheep":3,"minecraft:zombie":59,"minecraft:cow":4,"minecraft:horse":2,"minecraft:husk":13,"minecraft:rabbit":9,"minecraft:bat":2,"minecraft:villager":4,"minecraft:enderman":7},"minecraft:used":{"minecraft:iron_shovel":1496,"minecraft:ladder":9,"minecraft:chest":54,"minecraft:shield":20,"minecraft:iron_sword":262,"minecraft:bell":3,"minecraft:smooth_sandstone_stairs":25,"minecraft:rotten_flesh":8,"minecraft:carrot":150,"minecraft:glass":15,"minecraft:lava_bucket":72,"minecraft:bow":129,"minecraft:furnace":10,"minecraft:oak_sapling":40,"minecraft:stone_pickaxe":39,"minecraft:oak_planks":7,"minecraft:blackstone":5,"minecraft:wooden_pickaxe":3,"minecraft:sandstone":7,"minecraft:composter":10,"minecraft:sand":6,"minecraft:blast_furnace":16,"minecraft:crossbow":8,"minecraft:cyan_bed":4,"minecraft:bread":72,"minecraft:white_glazed_terracotta":1,"minecraft:gravel":23,"minecraft:fire_charge":1,"minecraft:grindstone":20,"minecraft:smithing_table":13,"minecraft:oak_boat":18,"minecraft:bone_meal":67,"minecraft:oak_trapdoor":9,"minecraft:flint_and_steel":1,"minecraft:cooked_salmon":2,"minecraft:torch":600,"minecraft:dirt":1682,"minecraft:iron_hoe":217,"minecraft:wooden_axe":37,"minecraft:iron_axe":853,"minecraft:smooth_sandstone":88,"minecraft:basalt":30,"minecraft:minecart":11,"minecraft:cooked_beef":9,"minecraft:acacia_planks":51,"minecraft:cooked_mutton":4,"minecraft:water_bucket":30,"minecraft:smooth_sandstone_slab":78,"minecraft:birch_boat":17,"minecraft:cut_sandstone":183,"minecraft:fletching_table":4,"minecraft:green_bed":7,"minecraft:lime_terracotta":3,"minecraft:rail":225,"minecraft:terracotta":11,"minecraft:crafting_table":8,"minecraft:lime_bed":5,"minecraft:white_bed":3,"minecraft:campfire":1,"minecraft:oak_log":1,"minecraft:apple":7,"minecraft:suspicious_stew":2,"minecraft:iron_pickaxe":1477,"minecraft:map":1,"minecraft:stone_axe":30,"minecraft:cobblestone":26,"minecraft:cooked_porkchop":2,"minecraft:jungle_door":4,"minecraft:sandstone_slab":57,"minecraft:bucket":104,"minecraft:pumpkin_pie":30},"minecraft:picked_up":{"minecraft:wooden_axe":1,"minecraft:iron_chestplate":5,"minecraft:wheat":81,"minecraft:smithing_table":14,"minecraft:string":27,"minecraft:iron_leggings":4,"minecraft:bucket":4,"minecraft:iron_pickaxe":5,"minecraft:furnace":4,"minecraft:white_glazed_terracotta":1,"minecraft:stick":107,"minecraft:acacia_fence":9,"minecraft:jungle_door":9,"minecraft:composter":9,"minecraft:acacia_log":348,"minecraft:torch":74,"minecraft:green_bed":7,"minecraft:porkchop":1,"minecraft:diorite":2,"minecraft:golden_chestplate":1,"minecraft:rabbit_foot":1,"minecraft:cactus":33,"minecraft:rotten_flesh":189,"minecraft:obsidian":3,"minecraft:cobblestone":414,"minecraft:birch_log":21,"minecraft:magma_block":2,"minecraft:cooked_beef":44,"minecraft:feather":1,"minecraft:water_bucket":5,"minecraft:andesite":34,"minecraft:brown_wool":1,"minecraft:flint":4,"minecraft:smooth_sandstone_stairs":37,"minecraft:map":9,"minecraft:lapis_lazuli":38,"minecraft:dirt":1561,"minecraft:glass":46,"minecraft:bone":45,"minecraft:acacia_planks":9,"minecraft:bow":22,"minecraft:stonecutter":2,"minecraft:wheat_seeds":122,"minecraft:bell":3,"minecraft:grindstone":26,"minecraft:rabbit":10,"minecraft:fletching_table":2,"minecraft:oak_planks":201,"minecraft:cooked_porkchop":2,"minecraft:lime_terracotta":3,"minecraft:sand":154,"minecraft:ink_sac":8,"minecraft:grass_block":2,"minecraft:cyan_bed":4,"minecraft:stripped_acacia_log":23,"minecraft:iron_hoe":3,"minecraft:crossbow":11,"minecraft:granite":25,"minecraft:bone_meal":1,"minecraft:golden_apple":3,"minecraft:bread":160,"minecraft:emerald":294,"minecraft:oak_sapling":48,"minecraft:fishing_rod":1,"minecraft:crafting_table":4,"minecraft:azure_bluet":4,"minecraft:sandstone_slab":9,"minecraft:ladder":30,"minecraft:wooden_pickaxe":2,"minecraft:oak_trapdoor":8,"minecraft:iron_axe":4,"minecraft:acacia_door":2,"minecraft:wooden_sword":3,"minecraft:flint_and_steel":5,"minecraft:iron_shovel":4,"minecraft:blackstone":5,"minecraft:cartography_table":3,"minecraft:beef":6,"minecraft:oak_boat":22,"minecraft:iron_nugget":9,"minecraft:poppy":30,"minecraft:minecart":10,"minecraft:chest":88,"minecraft:sugar_cane":106,"minecraft:sandstone":38,"minecraft:oak_door":6,"minecraft:bowl":2,"minecraft:fire_charge":1,"minecraft:carrot":255,"minecraft:smooth_sandstone_slab":37,"minecraft:arrow":366,"minecraft:stone_shovel":1,"minecraft:pumpkin_pie":107,"minecraft:hay_block":204,"minecraft:mutton":13,"minecraft:white_wool":3,"minecraft:rail":166,"minecraft:oxeye_daisy":30,"minecraft:lime_bed":5,"minecraft:basalt":34,"minecraft:salmon":6,"minecraft:cut_sandstone":187,"minecraft:leather":16,"minecraft:acacia_wood":87,"minecraft:birch_planks":15,"minecraft:oak_log":109,"minecraft:gunpowder":40,"minecraft:paper":15,"minecraft:white_banner":1,"minecraft:smooth_sandstone":528,"minecraft:apple":6,"minecraft:rabbit_hide":5,"minecraft:iron_ingot":159,"minecraft:stone_pickaxe":1,"minecraft:iron_ore":104,"minecraft:tall_grass":3,"minecraft:acacia_sapling":3,"minecraft:birch_boat":18,"minecraft:dandelion":9,"minecraft:gravel":25,"minecraft:lava_bucket":9,"minecraft:blast_furnace":18,"minecraft:spider_eye":4,"minecraft:stone_axe":1,"minecraft:iron_helmet":5,"minecraft:terracotta":11,"minecraft:black_wool":1,"minecraft:acacia_slab":5,"minecraft:melon_seeds":4,"minecraft:coal":250,"minecraft:ender_pearl":25,"minecraft:sunflower":2},"minecraft:dropped":{"minecraft:birch_planks":1,"minecraft:crossbow":2,"minecraft:dirt":1,"minecraft:mutton":9,"minecraft:wooden_sword":1,"minecraft:sunflower":2,"minecraft:sand":48,"minecraft:acacia_door":2,"minecraft:oak_door":3,"minecraft:stone_axe":2,"minecraft:golden_chestplate":1,"minecraft:wheat":1,"minecraft:rotten_flesh":33,"minecraft:oak_planks":134,"minecraft:carrot":137,"minecraft:poppy":8,"minecraft:melon_seeds":1,"minecraft:acacia_sapling":1,"minecraft:iron_ore":1,"minecraft:iron_ingot":16,"minecraft:bread":121,"minecraft:wheat_seeds":38,"minecraft:iron_helmet":1,"minecraft:cobblestone":4,"minecraft:stick":9,"minecraft:diorite":1,"minecraft:ink_sac":2,"minecraft:torch":1,"minecraft:wooden_axe":1,"minecraft:jungle_door":2,"minecraft:smooth_sandstone_slab":1,"minecraft:iron_shovel":2,"minecraft:string":6,"minecraft:bucket":2,"minecraft:acacia_planks":4,"minecraft:dandelion":8,"minecraft:bowl":4,"minecraft:tall_grass":3,"minecraft:iron_boots":1,"minecraft:iron_hoe":1,"minecraft:suspicious_stew":5,"minecraft:filled_map":1,"minecraft:shield":1,"minecraft:iron_chestplate":1,"minecraft:spider_eye":2,"minecraft:sandstone":3,"minecraft:stone_pickaxe":11,"minecraft:wooden_pickaxe":1},"minecraft:mined":{"minecraft:oak_sapling":1,"minecraft:granite":25,"minecraft:acacia_log":349,"minecraft:grass_block":1256,"minecraft:composter":9,"minecraft:magma_block":1,"minecraft:iron_ore":103,"minecraft:fletching_table":2,"minecraft:smooth_sandstone_stairs":31,"minecraft:green_bed":7,"minecraft:sandstone_slab":8,"minecraft:cut_sandstone":168,"minecraft:jungle_door":3,"minecraft:blackstone":6,"minecraft:melon_stem":2,"minecraft:torch":27,"minecraft:blast_furnace":17,"minecraft:poppy":5,"minecraft:chest":35,"minecraft:dead_bush":9,"minecraft:cobblestone":9,"minecraft:cyan_bed":4,"minecraft:grindstone":23,"minecraft:sugar_cane":18,"minecraft:oak_planks":11,"minecraft:smooth_sandstone_slab":40,"minecraft:wall_torch":8,"minecraft:seagrass":1,"minecraft:birch_log":21,"minecraft:wheat":13,"minecraft:grass":172,"minecraft:oak_log":109,"minecraft:lime_terracotta":3,"minecraft:sand":139,"minecraft:dirt":98,"minecraft:stonecutter":1,"minecraft:oak_leaves":27,"minecraft:cartography_table":1,"minecraft:sandstone":7,"minecraft:hay_block":115,"minecraft:oak_trapdoor":7,"minecraft:furnace":4,"minecraft:carrots":64,"minecraft:acacia_wood":87,"minecraft:andesite":32,"minecraft:acacia_stairs":1,"minecraft:white_glazed_terracotta":1,"minecraft:bell":3,"minecraft:rail":149,"minecraft:stripped_acacia_log":23,"minecraft:stone":412,"minecraft:smithing_table":13,"minecraft:acacia_leaves":2,"minecraft:glass_pane":1,"minecraft:basalt":34,"minecraft:dandelion":1,"minecraft:smooth_sandstone":187,"minecraft:crafting_table":3,"minecraft:tall_grass":30,"minecraft:lapis_ore":6,"minecraft:diorite":1,"minecraft:lime_bed":5,"minecraft:cactus":1,"minecraft:white_carpet":2,"minecraft:grass_path":1,"minecraft:coal_ore":220,"minecraft:sunflower":3,"minecraft:gravel":25,"minecraft:terracotta":11,"minecraft:acacia_planks":5},"minecraft:killed_by":{"minecraft:zombie_villager":1,"minecraft:witch":2,"minecraft:skeleton":1},"minecraft:crafted":{"minecraft:oak_planks":420,"minecraft:cut_sandstone":16,"minecraft:birch_boat":1,"minecraft:cooked_mutton":4,"minecraft:suspicious_stew":7,"minecraft:glass":29,"minecraft:bow":16,"minecraft:iron_boots":1,"minecraft:tipped_arrow":60,"minecraft:chest":24,"minecraft:acacia_fence":9,"minecraft:rail":64,"minecraft:arrow":160,"minecraft:emerald":138,"minecraft:crafting_table":4,"minecraft:acacia_slab":12,"minecraft:wooden_pickaxe":1,"minecraft:iron_helmet":2,"minecraft:smithing_table":1,"minecraft:fletching_table":2,"minecraft:birch_planks":76,"minecraft:campfire":1,"minecraft:iron_chestplate":1,"minecraft:shield":1,"minecraft:stick":3988,"minecraft:iron_ingot":93,"minecraft:iron_pickaxe":5,"minecraft:sandstone":16,"minecraft:composter":1,"minecraft:golden_carrot":12,"minecraft:cookie":36,"minecraft:furnace":4,"minecraft:bone_meal":66,"minecraft:oak_trapdoor":2,"minecraft:iron_axe":4,"minecraft:ladder":9,"minecraft:iron_hoe":1,"minecraft:stone_pickaxe":11,"minecraft:minecart":2,"minecraft:wheat":621,"minecraft:cooked_beef":20,"minecraft:crossbow":10,"minecraft:iron_sword":1,"minecraft:sandstone_slab":48,"minecraft:cooked_salmon":2,"minecraft:bucket":4,"minecraft:stone_axe":1,"minecraft:bread":126,"minecraft:air":0,"minecraft:oak_boat":7,"minecraft:smooth_sandstone_slab":42,"minecraft:wooden_axe":1,"minecraft:iron_shovel":6,"minecraft:iron_leggings":1,"minecraft:white_bed":1,"minecraft:pumpkin_pie":88,"minecraft:acacia_planks":1836,"minecraft:torch":524}},"DataVersion":2586}