{"stats":{"minecraft:crafted":{"minecraft:oak_planks":48,"minecraft:birch_boat":1,"minecraft:furnace":4,"minecraft:bone_meal":9,"minecraft:cooked_mutton":4,"minecraft:bow":1,"minecraft:iron_boots":1,"minecraft:iron_axe":3,"minecraft:iron_hoe":1,"minecraft:stone_pickaxe":11,"minecraft:chest":1,"minecraft:acacia_fence":9,"minecraft:rail":48,"minecraft:minecart":2,"minecraft:wheat":621,"minecraft:cooked_beef":9,"minecraft:arrow":160,"minecraft:emerald":118,"minecraft:crafting_table":4,"minecraft:acacia_slab":12,"minecraft:wooden_pickaxe":1,"minecraft:iron_helmet":2,"minecraft:iron_sword":1,"minecraft:smithing_table":1,"minecraft:sandstone_slab":48,"minecraft:fletching_table":2,"minecraft:bucket":3,"minecraft:birch_planks":76,"minecraft:campfire":1,"minecraft:stone_axe":1,"minecraft:bread":125,"minecraft:air":0,"minecraft:oak_boat":7,"minecraft:smooth_sandstone_slab":6,"minecraft:iron_chestplate":1,"minecraft:shield":1,"minecraft:stick":3392,"minecraft:iron_ingot":65,"minecraft:iron_pickaxe":3,"minecraft:wooden_axe":1,"minecraft:iron_shovel":6,"minecraft:iron_leggings":1,"minecraft:white_bed":1,"minecraft:composter":1,"minecraft:acacia_planks":1720,"minecraft:torch":268},"minecraft:mined":{"minecraft:acacia_log":320,"minecraft:grass_block":870,"minecraft:cartography_table":1,"minecraft:composter":7,"minecraft:sandstone":7,"minecraft:hay_block":115,"minecraft:furnace":4,"minecraft:iron_ore":87,"minecraft:acacia_wood":87,"minecraft:acacia_stairs":1,"minecraft:white_glazed_terracotta":1,"minecraft:bell":3,"minecraft:rail":132,"minecraft:stripped_acacia_log":23,"minecraft:smooth_sandstone_stairs":16,"minecraft:stone":62,"minecraft:green_bed":7,"minecraft:smithing_table":12,"minecraft:sandstone_slab":8,"minecraft:cut_sandstone":77,"minecraft:acacia_leaves":2,"minecraft:glass_pane":1,"minecraft:jungle_door":2,"minecraft:melon_stem":2,"minecraft:dandelion":1,"minecraft:smooth_sandstone":144,"minecraft:torch":7,"minecraft:crafting_table":2,"minecraft:blast_furnace":14,"minecraft:poppy":2,"minecraft:chest":13,"minecraft:dead_bush":6,"minecraft:tall_grass":22,"minecraft:cobblestone":4,"minecraft:oak_planks":11,"minecraft:cyan_bed":4,"minecraft:grindstone":22,"minecraft:sugar_cane":16,"minecraft:smooth_sandstone_slab":35,"minecraft:diorite":1,"minecraft:wall_torch":1,"minecraft:seagrass":1,"minecraft:cactus":1,"minecraft:lime_bed":5,"minecraft:birch_log":21,"minecraft:wheat":1,"minecraft:white_carpet":2,"minecraft:grass_path":1,"minecraft:grass":102,"minecraft:coal_ore":110,"minecraft:oak_log":21,"minecraft:lime_terracotta":3,"minecraft:gravel":25,"minecraft:dirt":46,"minecraft:sunflower":3,"minecraft:sand":115,"minecraft:terracotta":11,"minecraft:acacia_planks":5,"minecraft:oak_leaves":6},"minecraft:used":{"minecraft:iron_shovel":1049,"minecraft:chest":14,"minecraft:shield":20,"minecraft:iron_sword":77,"minecraft:bell":3,"minecraft:smooth_sandstone_stairs":16,"minecraft:rotten_flesh":2,"minecraft:torch":302,"minecraft:dirt":990,"minecraft:wooden_axe":37,"minecraft:iron_hoe":196,"minecraft:lava_bucket":60,"minecraft:iron_axe":651,"minecraft:smooth_sandstone":35,"minecraft:bow":84,"minecraft:oak_sapling":4,"minecraft:furnace":8,"minecraft:minecart":8,"minecraft:cooked_beef":9,"minecraft:acacia_planks":51,"minecraft:cooked_mutton":4,"minecraft:water_bucket":22,"minecraft:stone_pickaxe":39,"minecraft:oak_planks":7,"minecraft:smooth_sandstone_slab":13,"minecraft:cut_sandstone":33,"minecraft:wooden_pickaxe":3,"minecraft:birch_boat":8,"minecraft:composter":8,"minecraft:sandstone":7,"minecraft:green_bed":6,"minecraft:fletching_table":2,"minecraft:lime_terracotta":3,"minecraft:rail":187,"minecraft:terracotta":11,"minecraft:sand":6,"minecraft:lime_bed":4,"minecraft:blast_furnace":14,"minecraft:crafting_table":6,"minecraft:white_bed":3,"minecraft:campfire":1,"minecraft:bread":48,"minecraft:cyan_bed":3,"minecraft:iron_pickaxe":708,"minecraft:map":1,"minecraft:white_glazed_terracotta":1,"minecraft:gravel":23,"minecraft:stone_axe":30,"minecraft:fire_charge":1,"minecraft:cobblestone":5,"minecraft:grindstone":19,"minecraft:smithing_table":13,"minecraft:cooked_porkchop":2,"minecraft:jungle_door":1,"minecraft:bucket":83,"minecraft:sandstone_slab":52,"minecraft:oak_boat":12,"minecraft:bone_meal":3},"minecraft:dropped":{"minecraft:iron_ingot":11,"minecraft:bread":121,"minecraft:birch_planks":1,"minecraft:wheat_seeds":23,"minecraft:cobblestone":3,"minecraft:iron_helmet":1,"minecraft:stick":9,"minecraft:dirt":1,"minecraft:diorite":1,"minecraft:ink_sac":2,"minecraft:torch":1,"minecraft:mutton":9,"minecraft:wooden_axe":1,"minecraft:jungle_door":2,"minecraft:wooden_sword":1,"minecraft:sunflower":2,"minecraft:smooth_sandstone_slab":1,"minecraft:sand":48,"minecraft:iron_shovel":2,"minecraft:acacia_door":2,"minecraft:string":5,"minecraft:bucket":1,"minecraft:acacia_planks":4,"minecraft:dandelion":8,"minecraft:oak_door":3,"minecraft:stone_axe":2,"minecraft:golden_chestplate":1,"minecraft:tall_grass":3,"minecraft:rotten_flesh":31,"minecraft:oak_planks":134,"minecraft:iron_hoe":1,"minecraft:filled_map":1,"minecraft:poppy":8,"minecraft:iron_chestplate":1,"minecraft:melon_seeds":1,"minecraft:acacia_sapling":1,"minecraft:spider_eye":2,"minecraft:sandstone":3,"minecraft:stone_pickaxe":11,"minecraft:wooden_pickaxe":1},"minecraft:custom":{"minecraft:mob_kills":93,"minecraft:interact_with_crafting_table":56,"minecraft:bell_ring":123,"minecraft:leave_game":8,"minecraft:time_since_death":275071,"minecraft:climb_one_cm":266,"minecraft:sprint_one_cm":875592,"minecraft:walk_one_cm":688543,"minecraft:damage_blocked_by_shield":730,"minecraft:drop":86,"minecraft:talked_to_villager":144,"minecraft:sneak_time":3824,"minecraft:walk_under_water_one_cm":4617,"minecraft:boat_one_cm":106340,"minecraft:jump":5318,"minecraft:walk_on_water_one_cm":22070,"minecraft:interact_with_furnace":38,"minecraft:traded_with_villager":140,"minecraft:play_one_minute":275071,"minecraft:sleep_in_bed":25,"minecraft:time_since_rest":5823,"minecraft:damage_taken":1822,"minecraft:damage_dealt":21168,"minecraft:swim_one_cm":9923,"minecraft:fly_one_cm":1152304,"minecraft:open_chest":57,"minecraft:crouch_one_cm":16312,"minecraft:fall_one_cm":133613},"minecraft:killed":{"minecraft:spider":10,"minecraft:skeleton":12,"minecraft:husk":9,"minecraft:pig":2,"minecraft:iron_golem":14,"minecraft:rabbit":3,"minecraft:creeper":4,"minecraft:sheep":3,"minecraft:zombie":20,"minecraft:villager":4,"minecraft:enderman":6,"minecraft:cow":4},"minecraft:broken":{"minecraft:iron_shovel":3,"minecraft:iron_axe":2,"minecraft:iron_pickaxe":2},"minecraft:picked_up":{"minecraft:wooden_axe":1,"minecraft:iron_chestplate":1,"minecraft:crafting_table":3,"minecraft:wheat":10,"minecraft:sandstone_slab":9,"minecraft:smithing_table":12,"minecraft:wooden_pickaxe":1,"minecraft:string":12,"minecraft:acacia_door":2,"minecraft:wooden_sword":1,"minecraft:flint_and_steel":1,"minecraft:cartography_table":1,"minecraft:beef":6,"minecraft:oak_boat":10,"minecraft:iron_nugget":9,"minecraft:poppy":16,"minecraft:minecart":6,"minecraft:sugar_cane":50,"minecraft:chest":13,"minecraft:furnace":4,"minecraft:white_glazed_terracotta":1,"minecraft:stick":71,"minecraft:sandstone":36,"minecraft:jungle_door":7,"minecraft:oak_door":5,"minecraft:composter":7,"minecraft:torch":35,"minecraft:acacia_log":319,"minecraft:green_bed":7,"minecraft:fire_charge":1,"minecraft:porkchop":1,"minecraft:diorite":1,"minecraft:golden_chestplate":1,"minecraft:smooth_sandstone_slab":32,"minecraft:arrow":14,"minecraft:cactus":16,"minecraft:rotten_flesh":57,"minecraft:hay_block":159,"minecraft:obsidian":3,"minecraft:mutton":13,"minecraft:rail":139,"minecraft:white_wool":3,"minecraft:cobblestone":65,"minecraft:oxeye_daisy":5,"minecraft:birch_log":21,"minecraft:lime_bed":5,"minecraft:water_bucket":1,"minecraft:cut_sandstone":76,"minecraft:leather":5,"minecraft:acacia_wood":87,"minecraft:birch_planks":15,"minecraft:flint":4,"minecraft:smooth_sandstone_stairs":16,"minecraft:oak_log":21,"minecraft:gunpowder":11,"minecraft:map":5,"minecraft:dirt":922,"minecraft:paper":10,"minecraft:apple":1,"minecraft:smooth_sandstone":142,"minecraft:bone":16,"minecraft:acacia_planks":9,"minecraft:wheat_seeds":52,"minecraft:bell":3,"minecraft:rabbit_hide":3,"minecraft:iron_ingot":83,"minecraft:grindstone":23,"minecraft:stone_pickaxe":1,"minecraft:iron_ore":87,"minecraft:tall_grass":3,"minecraft:rabbit":1,"minecraft:oak_planks":159,"minecraft:acacia_sapling":1,"minecraft:cooked_porkchop":2,"minecraft:birch_boat":7,"minecraft:lime_terracotta":3,"minecraft:dandelion":8,"minecraft:gravel":23,"minecraft:sand":120,"minecraft:blast_furnace":14,"minecraft:ink_sac":8,"minecraft:cyan_bed":4,"minecraft:spider_eye":2,"minecraft:iron_hoe":1,"minecraft:stripped_acacia_log":23,"minecraft:stone_axe":1,"minecraft:iron_helmet":1,"minecraft:golden_apple":1,"minecraft:bread":69,"minecraft:emerald":12,"minecraft:terracotta":11,"minecraft:oak_sapling":7,"minecraft:melon_seeds":3,"minecraft:coal":111,"minecraft:sunflower":2,"minecraft:ender_pearl":4}},"DataVersion":2586}