{"stats":{"minecraft:killed":{"minecraft:spider":2,"minecraft:skeleton":7,"minecraft:husk":3,"minecraft:iron_golem":1,"minecraft:creeper":1,"minecraft:sheep":3,"minecraft:zombie":11,"minecraft:enderman":3,"minecraft:cow":4},"minecraft:custom":{"minecraft:mob_kills":35,"minecraft:interact_with_crafting_table":25,"minecraft:bell_ring":6,"minecraft:time_since_death":60625,"minecraft:climb_one_cm":266,"minecraft:sprint_one_cm":239535,"minecraft:walk_one_cm":145651,"minecraft:damage_blocked_by_shield":570,"minecraft:drop":18,"minecraft:sneak_time":1231,"minecraft:walk_under_water_one_cm":87,"minecraft:boat_one_cm":2153,"minecraft:jump":1105,"minecraft:walk_on_water_one_cm":5914,"minecraft:interact_with_furnace":37,"minecraft:play_one_minute":60625,"minecraft:sleep_in_bed":3,"minecraft:time_since_rest":3123,"minecraft:damage_taken":518,"minecraft:damage_dealt":7524,"minecraft:swim_one_cm":594,"minecraft:fly_one_cm":192056,"minecraft:open_chest":7,"minecraft:crouch_one_cm":5024,"minecraft:fall_one_cm":20695},"minecraft:used":{"minecraft:iron_shovel":374,"minecraft:shield":16,"minecraft:chest":3,"minecraft:bell":1,"minecraft:smooth_sandstone_stairs":9,"minecraft:rotten_flesh":2,"minecraft:torch":119,"minecraft:dirt":347,"minecraft:wooden_axe":37,"minecraft:iron_axe":62,"minecraft:smooth_sandstone":25,"minecraft:furnace":6,"minecraft:cooked_beef":8,"minecraft:cooked_mutton":4,"minecraft:stone_pickaxe":39,"minecraft:smooth_sandstone_slab":7,"minecraft:birch_boat":3,"minecraft:wooden_pickaxe":3,"minecraft:cut_sandstone":16,"minecraft:green_bed":5,"minecraft:lime_terracotta":3,"minecraft:terracotta":11,"minecraft:crafting_table":2,"minecraft:lime_bed":4,"minecraft:white_bed":1,"minecraft:cyan_bed":2,"minecraft:iron_pickaxe":288,"minecraft:white_glazed_terracotta":1,"minecraft:stone_axe":30,"minecraft:cobblestone":5,"minecraft:jungle_door":1,"minecraft:sandstone_slab":1,"minecraft:bucket":1},"minecraft:picked_up":{"minecraft:wooden_axe":1,"minecraft:crafting_table":2,"minecraft:wheat":10,"minecraft:sandstone_slab":1,"minecraft:wooden_pickaxe":1,"minecraft:string":4,"minecraft:wooden_sword":1,"minecraft:beef":6,"minecraft:poppy":2,"minecraft:sugar_cane":28,"minecraft:chest":3,"minecraft:furnace":4,"minecraft:white_glazed_terracotta":1,"minecraft:stick":2,"minecraft:jungle_door":1,"minecraft:oak_door":3,"minecraft:torch":9,"minecraft:green_bed":5,"minecraft:diorite":1,"minecraft:smooth_sandstone_slab":7,"minecraft:arrow":9,"minecraft:cactus":13,"minecraft:rotten_flesh":22,"minecraft:mutton":13,"minecraft:white_wool":3,"minecraft:cobblestone":56,"minecraft:oxeye_daisy":5,"minecraft:birch_log":21,"minecraft:lime_bed":4,"minecraft:leather":5,"minecraft:cut_sandstone":16,"minecraft:birch_planks":15,"minecraft:smooth_sandstone_stairs":9,"minecraft:oak_log":1,"minecraft:gunpowder":1,"minecraft:dirt":348,"minecraft:smooth_sandstone":26,"minecraft:bone":6,"minecraft:wheat_seeds":14,"minecraft:stone_pickaxe":1,"minecraft:bell":1,"minecraft:iron_ingot":31,"minecraft:grindstone":1,"minecraft:iron_ore":87,"minecraft:oak_planks":133,"minecraft:birch_boat":3,"minecraft:dandelion":5,"minecraft:lime_terracotta":3,"minecraft:gravel":2,"minecraft:cyan_bed":2,"minecraft:spider_eye":1,"minecraft:stone_axe":1,"minecraft:bread":10,"minecraft:terracotta":11,"minecraft:coal":103,"minecraft:ender_pearl":2},"minecraft:mined":{"minecraft:grass_block":343,"minecraft:furnace":4,"minecraft:iron_ore":87,"minecraft:white_glazed_terracotta":1,"minecraft:bell":1,"minecraft:smooth_sandstone_stairs":9,"minecraft:stone":53,"minecraft:green_bed":5,"minecraft:sandstone_slab":1,"minecraft:cut_sandstone":16,"minecraft:jungle_door":1,"minecraft:dandelion":1,"minecraft:smooth_sandstone":26,"minecraft:crafting_table":2,"minecraft:torch":1,"minecraft:chest":3,"minecraft:dead_bush":2,"minecraft:tall_grass":2,"minecraft:cobblestone":1,"minecraft:cyan_bed":2,"minecraft:grindstone":1,"minecraft:oak_planks":4,"minecraft:sugar_cane":9,"minecraft:diorite":1,"minecraft:smooth_sandstone_slab":9,"minecraft:wall_torch":1,"minecraft:cactus":1,"minecraft:lime_bed":4,"minecraft:birch_log":21,"minecraft:grass":35,"minecraft:coal_ore":102,"minecraft:oak_log":1,"minecraft:lime_terracotta":3,"minecraft:dirt":7,"minecraft:terracotta":11},"minecraft:crafted":{"minecraft:oak_planks":4,"minecraft:birch_boat":1,"minecraft:furnace":4,"minecraft:cooked_mutton":4,"minecraft:iron_boots":1,"minecraft:iron_axe":1,"minecraft:stone_pickaxe":1,"minecraft:chest":1,"minecraft:cooked_beef":9,"minecraft:crafting_table":1,"minecraft:wooden_pickaxe":1,"minecraft:iron_helmet":1,"minecraft:bucket":1,"minecraft:birch_planks":76,"minecraft:stone_axe":1,"minecraft:air":0,"minecraft:iron_chestplate":1,"minecraft:shield":1,"minecraft:stick":84,"minecraft:iron_ingot":64,"minecraft:iron_pickaxe":2,"minecraft:wooden_axe":1,"minecraft:iron_shovel":3,"minecraft:iron_leggings":1,"minecraft:white_bed":1,"minecraft:torch":240},"minecraft:broken":{"minecraft:iron_shovel":1,"minecraft:iron_pickaxe":1},"minecraft:dropped":{"minecraft:birch_planks":1,"minecraft:wheat_seeds":2,"minecraft:dirt":1,"minecraft:diorite":1,"minecraft:mutton":9,"minecraft:wooden_axe":1,"minecraft:wooden_sword":1,"minecraft:iron_shovel":1,"minecraft:string":2,"minecraft:oak_door":3,"minecraft:stone_axe":2,"minecraft:rotten_flesh":14,"minecraft:oak_planks":129,"minecraft:wooden_pickaxe":1,"minecraft:stone_pickaxe":1}},"DataVersion":2586}