{"stats":{"minecraft:broken":{"minecraft:iron_shovel":3,"minecraft:iron_axe":3,"minecraft:iron_pickaxe":3},"minecraft:custom":{"minecraft:mob_kills":169,"minecraft:interact_with_crafting_table":74,"minecraft:bell_ring":123,"minecraft:leave_game":9,"minecraft:time_since_death":390215,"minecraft:climb_one_cm":266,"minecraft:sprint_one_cm":1282795,"minecraft:walk_one_cm":969549,"minecraft:damage_blocked_by_shield":730,"minecraft:drop":171,"minecraft:talked_to_villager":157,"minecraft:sneak_time":5885,"minecraft:walk_under_water_one_cm":6186,"minecraft:boat_one_cm":213699,"minecraft:jump":7877,"minecraft:interact_with_blast_furnace":4,"minecraft:walk_on_water_one_cm":27173,"minecraft:interact_with_furnace":42,"minecraft:traded_with_villager":142,"minecraft:play_one_minute":390215,"minecraft:sleep_in_bed":32,"minecraft:time_since_rest":36354,"minecraft:damage_taken":2880,"minecraft:damage_dealt":30818,"minecraft:swim_one_cm":17167,"minecraft:fly_one_cm":1727763,"minecraft:crouch_one_cm":24064,"minecraft:open_chest":117,"minecraft:fall_one_cm":189462},"minecraft:killed":{"minecraft:spider":16,"minecraft:horse":1,"minecraft:skeleton":18,"minecraft:magma_cube":17,"minecraft:salmon":6,"minecraft:husk":12,"minecraft:pig":2,"minecraft:bat":2,"minecraft:rabbit":5,"minecraft:iron_golem":14,"minecraft:creeper":14,"minecraft:sheep":3,"minecraft:zombie":42,"minecraft:villager":4,"minecraft:enderman":7,"minecraft:cow":4},"minecraft:used":{"minecraft:oak_trapdoor":4,"minecraft:iron_shovel":1093,"minecraft:flint_and_steel":1,"minecraft:chest":19,"minecraft:shield":20,"minecraft:iron_sword":240,"minecraft:bell":3,"minecraft:cooked_salmon":2,"minecraft:smooth_sandstone_stairs":25,"minecraft:rotten_flesh":7,"minecraft:torch":490,"minecraft:dirt":1008,"minecraft:carrot":125,"minecraft:wooden_axe":37,"minecraft:iron_hoe":217,"minecraft:lava_bucket":70,"minecraft:iron_axe":667,"minecraft:smooth_sandstone":48,"minecraft:basalt":30,"minecraft:bow":108,"minecraft:oak_sapling":5,"minecraft:furnace":8,"minecraft:minecart":9,"minecraft:cooked_beef":9,"minecraft:acacia_planks":51,"minecraft:cooked_mutton":4,"minecraft:water_bucket":28,"minecraft:blackstone":5,"minecraft:stone_pickaxe":39,"minecraft:oak_planks":7,"minecraft:smooth_sandstone_slab":78,"minecraft:cut_sandstone":141,"minecraft:wooden_pickaxe":3,"minecraft:birch_boat":11,"minecraft:composter":10,"minecraft:sandstone":7,"minecraft:green_bed":6,"minecraft:fletching_table":3,"minecraft:lime_terracotta":3,"minecraft:rail":218,"minecraft:terracotta":11,"minecraft:sand":6,"minecraft:lime_bed":4,"minecraft:blast_furnace":14,"minecraft:crafting_table":7,"minecraft:white_bed":3,"minecraft:campfire":1,"minecraft:oak_log":1,"minecraft:apple":7,"minecraft:bread":72,"minecraft:cyan_bed":3,"minecraft:iron_pickaxe":975,"minecraft:map":1,"minecraft:white_glazed_terracotta":1,"minecraft:gravel":23,"minecraft:stone_axe":30,"minecraft:pumpkin_pie":5,"minecraft:fire_charge":1,"minecraft:cobblestone":5,"minecraft:grindstone":19,"minecraft:smithing_table":13,"minecraft:cooked_porkchop":2,"minecraft:jungle_door":2,"minecraft:bucket":101,"minecraft:sandstone_slab":57,"minecraft:oak_boat":17,"minecraft:bone_meal":67},"minecraft:picked_up":{"minecraft:wooden_axe":1,"minecraft:iron_chestplate":1,"minecraft:crafting_table":3,"minecraft:wheat":16,"minecraft:sandstone_slab":9,"minecraft:smithing_table":13,"minecraft:wooden_pickaxe":1,"minecraft:oak_trapdoor":3,"minecraft:string":16,"minecraft:acacia_door":2,"minecraft:wooden_sword":1,"minecraft:flint_and_steel":1,"minecraft:blackstone":5,"minecraft:cartography_table":1,"minecraft:beef":6,"minecraft:oak_boat":16,"minecraft:iron_nugget":9,"minecraft:poppy":22,"minecraft:minecart":8,"minecraft:sugar_cane":50,"minecraft:chest":14,"minecraft:furnace":4,"minecraft:white_glazed_terracotta":1,"minecraft:stick":74,"minecraft:sandstone":36,"minecraft:jungle_door":8,"minecraft:oak_door":5,"minecraft:composter":9,"minecraft:torch":42,"minecraft:acacia_log":319,"minecraft:green_bed":7,"minecraft:fire_charge":1,"minecraft:porkchop":1,"minecraft:diorite":1,"minecraft:carrot":159,"minecraft:golden_chestplate":1,"minecraft:smooth_sandstone_slab":37,"minecraft:arrow":20,"minecraft:cactus":16,"minecraft:rotten_flesh":72,"minecraft:hay_block":159,"minecraft:obsidian":3,"minecraft:mutton":13,"minecraft:rail":155,"minecraft:white_wool":3,"minecraft:cobblestone":69,"minecraft:oxeye_daisy":5,"minecraft:birch_log":21,"minecraft:magma_block":1,"minecraft:lime_bed":5,"minecraft:basalt":32,"minecraft:stonecutter":1,"minecraft:salmon":6,"minecraft:water_bucket":1,"minecraft:cut_sandstone":144,"minecraft:leather":7,"minecraft:acacia_wood":87,"minecraft:birch_planks":15,"minecraft:flint":4,"minecraft:smooth_sandstone_stairs":31,"minecraft:oak_log":31,"minecraft:gunpowder":21,"minecraft:map":5,"minecraft:dirt":1015,"minecraft:paper":10,"minecraft:smooth_sandstone":145,"minecraft:bone":22,"minecraft:acacia_planks":9,"minecraft:apple":2,"minecraft:fletching_table":2,"minecraft:wheat_seeds":85,"minecraft:bell":3,"minecraft:rabbit_hide":4,"minecraft:iron_ingot":83,"minecraft:grindstone":23,"minecraft:stone_pickaxe":1,"minecraft:iron_ore":94,"minecraft:tall_grass":3,"minecraft:rabbit":3,"minecraft:oak_planks":160,"minecraft:acacia_sapling":1,"minecraft:cooked_porkchop":2,"minecraft:birch_boat":10,"minecraft:dandelion":9,"minecraft:lime_terracotta":3,"minecraft:gravel":24,"minecraft:sand":125,"minecraft:blast_furnace":15,"minecraft:ink_sac":8,"minecraft:grass_block":1,"minecraft:cyan_bed":4,"minecraft:spider_eye":3,"minecraft:iron_hoe":2,"minecraft:stripped_acacia_log":23,"minecraft:stone_axe":1,"minecraft:iron_helmet":1,"minecraft:bone_meal":1,"minecraft:golden_apple":1,"minecraft:bread":69,"minecraft:emerald":12,"minecraft:terracotta":11,"minecraft:oak_sapling":9,"minecraft:melon_seeds":3,"minecraft:coal":217,"minecraft:sunflower":2,"minecraft:ender_pearl":5},"minecraft:mined":{"minecraft:acacia_log":320,"minecraft:grass_block":917,"minecraft:composter":9,"minecraft:cartography_table":1,"minecraft:sandstone":7,"minecraft:hay_block":115,"minecraft:magma_block":1,"minecraft:oak_trapdoor":3,"minecraft:furnace":4,"minecraft:carrots":39,"minecraft:iron_ore":93,"minecraft:acacia_wood":87,"minecraft:acacia_stairs":1,"minecraft:fletching_table":2,"minecraft:white_glazed_terracotta":1,"minecraft:bell":3,"minecraft:rail":146,"minecraft:stripped_acacia_log":23,"minecraft:smooth_sandstone_stairs":31,"minecraft:stone":65,"minecraft:green_bed":7,"minecraft:smithing_table":13,"minecraft:sandstone_slab":8,"minecraft:cut_sandstone":145,"minecraft:acacia_leaves":2,"minecraft:glass_pane":1,"minecraft:jungle_door":3,"minecraft:blackstone":6,"minecraft:melon_stem":2,"minecraft:basalt":34,"minecraft:dandelion":1,"minecraft:smooth_sandstone":147,"minecraft:torch":10,"minecraft:crafting_table":2,"minecraft:blast_furnace":15,"minecraft:poppy":5,"minecraft:chest":14,"minecraft:dead_bush":7,"minecraft:tall_grass":29,"minecraft:cobblestone":4,"minecraft:oak_planks":11,"minecraft:cyan_bed":4,"minecraft:grindstone":22,"minecraft:sugar_cane":16,"minecraft:smooth_sandstone_slab":40,"minecraft:diorite":1,"minecraft:wall_torch":3,"minecraft:seagrass":1,"minecraft:cactus":1,"minecraft:lime_bed":5,"minecraft:birch_log":21,"minecraft:wheat":13,"minecraft:white_carpet":2,"minecraft:grass_path":1,"minecraft:grass":151,"minecraft:coal_ore":216,"minecraft:oak_log":31,"minecraft:lime_terracotta":3,"minecraft:gravel":25,"minecraft:dirt":57,"minecraft:sunflower":3,"minecraft:sand":120,"minecraft:stonecutter":1,"minecraft:terracotta":11,"minecraft:acacia_planks":5,"minecraft:oak_leaves":8},"minecraft:dropped":{"minecraft:iron_ingot":16,"minecraft:bread":121,"minecraft:birch_planks":1,"minecraft:wheat_seeds":37,"minecraft:cobblestone":4,"minecraft:iron_helmet":1,"minecraft:stick":9,"minecraft:dirt":1,"minecraft:diorite":1,"minecraft:ink_sac":2,"minecraft:torch":1,"minecraft:mutton":9,"minecraft:wooden_axe":1,"minecraft:jungle_door":2,"minecraft:wooden_sword":1,"minecraft:sunflower":2,"minecraft:smooth_sandstone_slab":1,"minecraft:sand":48,"minecraft:iron_shovel":2,"minecraft:acacia_door":2,"minecraft:string":5,"minecraft:bucket":1,"minecraft:acacia_planks":4,"minecraft:dandelion":8,"minecraft:oak_door":3,"minecraft:stone_axe":2,"minecraft:golden_chestplate":1,"minecraft:iron_boots":1,"minecraft:wheat":1,"minecraft:tall_grass":3,"minecraft:rotten_flesh":33,"minecraft:oak_planks":134,"minecraft:iron_hoe":1,"minecraft:carrot":64,"minecraft:filled_map":1,"minecraft:poppy":8,"minecraft:shield":1,"minecraft:iron_chestplate":1,"minecraft:melon_seeds":1,"minecraft:acacia_sapling":1,"minecraft:spider_eye":2,"minecraft:iron_ore":1,"minecraft:sandstone":3,"minecraft:stone_pickaxe":11,"minecraft:wooden_pickaxe":1},"minecraft:crafted":{"minecraft:oak_planks":108,"minecraft:cut_sandstone":16,"minecraft:birch_boat":1,"minecraft:furnace":4,"minecraft:bone_meal":66,"minecraft:cooked_mutton":4,"minecraft:oak_trapdoor":2,"minecraft:bow":1,"minecraft:iron_boots":1,"minecraft:iron_axe":4,"minecraft:iron_hoe":1,"minecraft:stone_pickaxe":11,"minecraft:chest":5,"minecraft:acacia_fence":9,"minecraft:rail":64,"minecraft:minecart":2,"minecraft:wheat":621,"minecraft:cooked_beef":9,"minecraft:cooked_salmon":2,"minecraft:arrow":160,"minecraft:emerald":118,"minecraft:crafting_table":4,"minecraft:acacia_slab":12,"minecraft:wooden_pickaxe":1,"minecraft:iron_helmet":2,"minecraft:iron_sword":1,"minecraft:smithing_table":1,"minecraft:sandstone_slab":48,"minecraft:fletching_table":2,"minecraft:bucket":4,"minecraft:birch_planks":76,"minecraft:campfire":1,"minecraft:stone_axe":1,"minecraft:bread":126,"minecraft:air":0,"minecraft:oak_boat":7,"minecraft:smooth_sandstone_slab":42,"minecraft:iron_chestplate":1,"minecraft:shield":1,"minecraft:stick":3436,"minecraft:iron_ingot":71,"minecraft:iron_pickaxe":4,"minecraft:wooden_axe":1,"minecraft:iron_leggings":1,"minecraft:iron_shovel":6,"minecraft:sandstone":16,"minecraft:pumpkin_pie":8,"minecraft:white_bed":1,"minecraft:composter":1,"minecraft:acacia_planks":1720,"minecraft:torch":428}},"DataVersion":2586}