{"stats":{"minecraft:killed":{"minecraft:husk":3,"minecraft:spider":2,"minecraft:creeper":1,"minecraft:sheep":3,"minecraft:skeleton":7,"minecraft:zombie":11,"minecraft:enderman":3,"minecraft:cow":4},"minecraft:custom":{"minecraft:interact_with_furnace":37,"minecraft:mob_kills":34,"minecraft:interact_with_crafting_table":24,"minecraft:play_one_minute":48625,"minecraft:time_since_death":48625,"minecraft:sleep_in_bed":2,"minecraft:time_since_rest":4141,"minecraft:sprint_one_cm":191234,"minecraft:damage_taken":478,"minecraft:walk_one_cm":112747,"minecraft:damage_blocked_by_shield":570,"minecraft:drop":18,"minecraft:damage_dealt":6524,"minecraft:swim_one_cm":594,"minecraft:fly_one_cm":159025,"minecraft:open_chest":2,"minecraft:crouch_one_cm":4832,"minecraft:sneak_time":1035,"minecraft:walk_under_water_one_cm":87,"minecraft:boat_one_cm":2153,"minecraft:jump":902,"minecraft:walk_on_water_one_cm":5437,"minecraft:fall_one_cm":14357},"minecraft:used":{"minecraft:cooked_mutton":4,"minecraft:iron_shovel":374,"minecraft:stone_pickaxe":39,"minecraft:chest":1,"minecraft:wooden_pickaxe":3,"minecraft:birch_boat":3,"minecraft:shield":16,"minecraft:rotten_flesh":2,"minecraft:torch":119,"minecraft:dirt":347,"minecraft:crafting_table":1,"minecraft:white_bed":1,"minecraft:wooden_axe":37,"minecraft:iron_axe":40,"minecraft:iron_pickaxe":205,"minecraft:stone_axe":30,"minecraft:cobblestone":5,"minecraft:furnace":6,"minecraft:bucket":1,"minecraft:cooked_beef":6},"minecraft:picked_up":{"minecraft:wooden_axe":1,"minecraft:birch_log":21,"minecraft:leather":5,"minecraft:wooden_pickaxe":1,"minecraft:birch_planks":15,"minecraft:oak_log":1,"minecraft:gunpowder":1,"minecraft:dirt":348,"minecraft:string":4,"minecraft:wooden_sword":1,"minecraft:bone":6,"minecraft:wheat_seeds":14,"minecraft:iron_ingot":28,"minecraft:beef":6,"minecraft:stone_pickaxe":1,"minecraft:iron_ore":87,"minecraft:sugar_cane":28,"minecraft:oak_planks":133,"minecraft:furnace":2,"minecraft:birch_boat":3,"minecraft:oak_door":3,"minecraft:dandelion":5,"minecraft:torch":7,"minecraft:gravel":2,"minecraft:diorite":1,"minecraft:spider_eye":1,"minecraft:cactus":3,"minecraft:arrow":9,"minecraft:rotten_flesh":22,"minecraft:stone_axe":1,"minecraft:ender_pearl":2,"minecraft:mutton":13,"minecraft:coal":103,"minecraft:oxeye_daisy":5,"minecraft:white_wool":3,"minecraft:cobblestone":55},"minecraft:mined":{"minecraft:dandelion":1,"minecraft:torch":1,"minecraft:grass_block":343,"minecraft:dead_bush":1,"minecraft:tall_grass":2,"minecraft:sugar_cane":9,"minecraft:oak_planks":4,"minecraft:diorite":1,"minecraft:wall_torch":1,"minecraft:cactus":1,"minecraft:furnace":2,"minecraft:birch_log":21,"minecraft:iron_ore":87,"minecraft:grass":35,"minecraft:oak_log":1,"minecraft:coal_ore":102,"minecraft:dirt":7,"minecraft:stone":53},"minecraft:crafted":{"minecraft:cooked_beef":9,"minecraft:oak_planks":4,"minecraft:crafting_table":1,"minecraft:iron_helmet":1,"minecraft:wooden_pickaxe":1,"minecraft:birch_boat":1,"minecraft:furnace":4,"minecraft:bucket":1,"minecraft:birch_planks":76,"minecraft:stone_axe":1,"minecraft:cooked_mutton":4,"minecraft:air":0,"minecraft:iron_boots":1,"minecraft:iron_chestplate":1,"minecraft:shield":1,"minecraft:iron_axe":1,"minecraft:stick":84,"minecraft:iron_ingot":64,"minecraft:iron_pickaxe":1,"minecraft:stone_pickaxe":1,"minecraft:wooden_axe":1,"minecraft:chest":1,"minecraft:iron_shovel":3,"minecraft:iron_leggings":1,"minecraft:white_bed":1,"minecraft:torch":240},"minecraft:broken":{"minecraft:iron_shovel":1},"minecraft:dropped":{"minecraft:stone_axe":2,"minecraft:birch_planks":1,"minecraft:wheat_seeds":2,"minecraft:rotten_flesh":14,"minecraft:oak_planks":129,"minecraft:dirt":1,"minecraft:diorite":1,"minecraft:mutton":9,"minecraft:wooden_axe":1,"minecraft:wooden_sword":1,"minecraft:stone_pickaxe":1,"minecraft:wooden_pickaxe":1,"minecraft:iron_shovel":1,"minecraft:string":2,"minecraft:oak_door":3}},"DataVersion":2586}