{"stats":{"minecraft:crafted":{"minecraft:oak_planks":4,"minecraft:birch_boat":1,"minecraft:furnace":4,"minecraft:cooked_mutton":4,"minecraft:bow":1,"minecraft:iron_boots":1,"minecraft:iron_axe":3,"minecraft:iron_hoe":1,"minecraft:stone_pickaxe":11,"minecraft:chest":1,"minecraft:acacia_fence":9,"minecraft:minecart":1,"minecraft:wheat":621,"minecraft:cooked_beef":9,"minecraft:arrow":160,"minecraft:emerald":114,"minecraft:crafting_table":3,"minecraft:acacia_slab":12,"minecraft:wooden_pickaxe":1,"minecraft:iron_helmet":2,"minecraft:iron_sword":1,"minecraft:smithing_table":1,"minecraft:sandstone_slab":48,"minecraft:fletching_table":2,"minecraft:bucket":3,"minecraft:birch_planks":76,"minecraft:campfire":1,"minecraft:stone_axe":1,"minecraft:bread":125,"minecraft:air":0,"minecraft:smooth_sandstone_slab":6,"minecraft:iron_chestplate":1,"minecraft:shield":1,"minecraft:stick":3376,"minecraft:iron_ingot":65,"minecraft:iron_pickaxe":2,"minecraft:wooden_axe":1,"minecraft:iron_shovel":4,"minecraft:iron_leggings":1,"minecraft:white_bed":1,"minecraft:composter":1,"minecraft:acacia_planks":1720,"minecraft:torch":244},"minecraft:mined":{"minecraft:acacia_log":320,"minecraft:grass_block":596,"minecraft:composter":7,"minecraft:sandstone":3,"minecraft:hay_block":115,"minecraft:furnace":4,"minecraft:iron_ore":87,"minecraft:acacia_wood":87,"minecraft:acacia_stairs":1,"minecraft:white_glazed_terracotta":1,"minecraft:bell":3,"minecraft:stripped_acacia_log":23,"minecraft:smooth_sandstone_stairs":9,"minecraft:stone":62,"minecraft:green_bed":5,"minecraft:smithing_table":12,"minecraft:sandstone_slab":7,"minecraft:cut_sandstone":16,"minecraft:acacia_leaves":2,"minecraft:glass_pane":1,"minecraft:jungle_door":2,"minecraft:melon_stem":2,"minecraft:dandelion":1,"minecraft:smooth_sandstone":43,"minecraft:crafting_table":2,"minecraft:torch":2,"minecraft:poppy":1,"minecraft:blast_furnace":14,"minecraft:chest":12,"minecraft:dead_bush":5,"minecraft:tall_grass":12,"minecraft:cobblestone":4,"minecraft:cyan_bed":2,"minecraft:grindstone":21,"minecraft:oak_planks":9,"minecraft:sugar_cane":16,"minecraft:smooth_sandstone_slab":9,"minecraft:diorite":1,"minecraft:wall_torch":1,"minecraft:seagrass":1,"minecraft:cactus":1,"minecraft:lime_bed":4,"minecraft:birch_log":21,"minecraft:wheat":1,"minecraft:white_carpet":2,"minecraft:grass_path":1,"minecraft:grass":72,"minecraft:oak_log":6,"minecraft:coal_ore":110,"minecraft:sunflower":3,"minecraft:lime_terracotta":3,"minecraft:gravel":25,"minecraft:dirt":20,"minecraft:sand":75,"minecraft:terracotta":11,"minecraft:acacia_planks":5,"minecraft:oak_leaves":4},"minecraft:used":{"minecraft:iron_shovel":709,"minecraft:chest":9,"minecraft:shield":20,"minecraft:iron_sword":44,"minecraft:bell":3,"minecraft:smooth_sandstone_stairs":9,"minecraft:rotten_flesh":2,"minecraft:torch":270,"minecraft:dirt":608,"minecraft:wooden_axe":37,"minecraft:iron_hoe":134,"minecraft:lava_bucket":41,"minecraft:iron_axe":619,"minecraft:smooth_sandstone":35,"minecraft:bow":76,"minecraft:furnace":8,"minecraft:cooked_beef":9,"minecraft:acacia_planks":51,"minecraft:cooked_mutton":4,"minecraft:water_bucket":21,"minecraft:stone_pickaxe":39,"minecraft:oak_planks":5,"minecraft:smooth_sandstone_slab":13,"minecraft:cut_sandstone":16,"minecraft:wooden_pickaxe":3,"minecraft:birch_boat":7,"minecraft:composter":8,"minecraft:sandstone":7,"minecraft:green_bed":5,"minecraft:fletching_table":2,"minecraft:lime_terracotta":3,"minecraft:terracotta":11,"minecraft:sand":6,"minecraft:lime_bed":4,"minecraft:blast_furnace":14,"minecraft:crafting_table":5,"minecraft:campfire":1,"minecraft:white_bed":3,"minecraft:bread":28,"minecraft:cyan_bed":2,"minecraft:map":1,"minecraft:iron_pickaxe":374,"minecraft:white_glazed_terracotta":1,"minecraft:gravel":23,"minecraft:stone_axe":30,"minecraft:fire_charge":1,"minecraft:cobblestone":5,"minecraft:cooked_porkchop":2,"minecraft:grindstone":19,"minecraft:smithing_table":13,"minecraft:jungle_door":1,"minecraft:bucket":64,"minecraft:sandstone_slab":51},"minecraft:dropped":{"minecraft:iron_ingot":11,"minecraft:bread":121,"minecraft:birch_planks":1,"minecraft:wheat_seeds":18,"minecraft:cobblestone":3,"minecraft:iron_helmet":1,"minecraft:stick":9,"minecraft:dirt":1,"minecraft:diorite":1,"minecraft:ink_sac":2,"minecraft:mutton":9,"minecraft:wooden_axe":1,"minecraft:wooden_sword":1,"minecraft:sunflower":2,"minecraft:smooth_sandstone_slab":1,"minecraft:sand":8,"minecraft:iron_shovel":2,"minecraft:acacia_door":2,"minecraft:string":5,"minecraft:bucket":1,"minecraft:acacia_planks":4,"minecraft:dandelion":8,"minecraft:oak_door":3,"minecraft:stone_axe":2,"minecraft:golden_chestplate":1,"minecraft:tall_grass":3,"minecraft:rotten_flesh":30,"minecraft:oak_planks":129,"minecraft:iron_hoe":1,"minecraft:filled_map":1,"minecraft:poppy":7,"minecraft:iron_chestplate":1,"minecraft:melon_seeds":1,"minecraft:acacia_sapling":1,"minecraft:spider_eye":2,"minecraft:sandstone":1,"minecraft:stone_pickaxe":11,"minecraft:wooden_pickaxe":1},"minecraft:custom":{"minecraft:mob_kills":78,"minecraft:interact_with_crafting_table":45,"minecraft:bell_ring":123,"minecraft:leave_game":2,"minecraft:time_since_death":195793,"minecraft:climb_one_cm":266,"minecraft:sprint_one_cm":660922,"minecraft:walk_one_cm":464776,"minecraft:damage_blocked_by_shield":730,"minecraft:drop":75,"minecraft:talked_to_villager":129,"minecraft:sneak_time":2105,"minecraft:walk_under_water_one_cm":3550,"minecraft:boat_one_cm":3480,"minecraft:jump":4091,"minecraft:walk_on_water_one_cm":18719,"minecraft:interact_with_furnace":38,"minecraft:traded_with_villager":136,"minecraft:play_one_minute":195793,"minecraft:sleep_in_bed":16,"minecraft:time_since_rest":4499,"minecraft:damage_taken":1373,"minecraft:damage_dealt":17667,"minecraft:swim_one_cm":8635,"minecraft:fly_one_cm":870529,"minecraft:open_chest":43,"minecraft:crouch_one_cm":8984,"minecraft:fall_one_cm":102446},"minecraft:killed":{"minecraft:spider":6,"minecraft:skeleton":12,"minecraft:husk":9,"minecraft:pig":2,"minecraft:iron_golem":11,"minecraft:rabbit":3,"minecraft:creeper":4,"minecraft:sheep":3,"minecraft:zombie":16,"minecraft:villager":1,"minecraft:enderman":5,"minecraft:cow":4},"minecraft:broken":{"minecraft:iron_shovel":2,"minecraft:iron_axe":2,"minecraft:iron_pickaxe":1},"minecraft:picked_up":{"minecraft:wooden_axe":1,"minecraft:iron_chestplate":1,"minecraft:crafting_table":2,"minecraft:wheat":10,"minecraft:sandstone_slab":8,"minecraft:smithing_table":12,"minecraft:wooden_pickaxe":1,"minecraft:string":8,"minecraft:acacia_door":2,"minecraft:wooden_sword":1,"minecraft:flint_and_steel":1,"minecraft:beef":6,"minecraft:iron_nugget":9,"minecraft:poppy":15,"minecraft:sugar_cane":50,"minecraft:chest":12,"minecraft:furnace":4,"minecraft:white_glazed_terracotta":1,"minecraft:stick":3,"minecraft:sandstone":32,"minecraft:jungle_door":3,"minecraft:oak_door":5,"minecraft:composter":7,"minecraft:torch":26,"minecraft:acacia_log":319,"minecraft:green_bed":5,"minecraft:fire_charge":1,"minecraft:porkchop":1,"minecraft:diorite":1,"minecraft:golden_chestplate":1,"minecraft:smooth_sandstone_slab":8,"minecraft:arrow":13,"minecraft:cactus":13,"minecraft:rotten_flesh":52,"minecraft:hay_block":159,"minecraft:obsidian":3,"minecraft:mutton":13,"minecraft:cobblestone":65,"minecraft:white_wool":3,"minecraft:oxeye_daisy":5,"minecraft:birch_log":21,"minecraft:lime_bed":4,"minecraft:water_bucket":1,"minecraft:cut_sandstone":16,"minecraft:leather":5,"minecraft:acacia_wood":87,"minecraft:birch_planks":15,"minecraft:flint":4,"minecraft:smooth_sandstone_stairs":9,"minecraft:oak_log":6,"minecraft:gunpowder":11,"minecraft:paper":10,"minecraft:map":5,"minecraft:dirt":612,"minecraft:smooth_sandstone":42,"minecraft:bone":14,"minecraft:acacia_planks":9,"minecraft:wheat_seeds":44,"minecraft:bell":3,"minecraft:rabbit_hide":3,"minecraft:iron_ingot":71,"minecraft:grindstone":22,"minecraft:stone_pickaxe":1,"minecraft:iron_ore":87,"minecraft:rabbit":1,"minecraft:tall_grass":3,"minecraft:oak_planks":149,"minecraft:acacia_sapling":1,"minecraft:cooked_porkchop":2,"minecraft:birch_boat":7,"minecraft:lime_terracotta":3,"minecraft:dandelion":8,"minecraft:gravel":23,"minecraft:sand":80,"minecraft:blast_furnace":14,"minecraft:ink_sac":5,"minecraft:cyan_bed":2,"minecraft:spider_eye":2,"minecraft:iron_hoe":1,"minecraft:stripped_acacia_log":23,"minecraft:stone_axe":1,"minecraft:iron_helmet":1,"minecraft:golden_apple":1,"minecraft:bread":69,"minecraft:emerald":12,"minecraft:terracotta":11,"minecraft:melon_seeds":3,"minecraft:coal":111,"minecraft:sunflower":2,"minecraft:ender_pearl":3}},"DataVersion":2586}