{"stats":{"minecraft:killed":{"minecraft:spider":2,"minecraft:skeleton":7,"minecraft:husk":3,"minecraft:iron_golem":3,"minecraft:creeper":1,"minecraft:sheep":3,"minecraft:zombie":11,"minecraft:enderman":3,"minecraft:cow":4},"minecraft:custom":{"minecraft:mob_kills":37,"minecraft:interact_with_crafting_table":30,"minecraft:bell_ring":123,"minecraft:time_since_death":72625,"minecraft:climb_one_cm":266,"minecraft:sprint_one_cm":280458,"minecraft:walk_one_cm":178952,"minecraft:damage_blocked_by_shield":570,"minecraft:drop":23,"minecraft:sneak_time":1818,"minecraft:walk_under_water_one_cm":87,"minecraft:boat_one_cm":2153,"minecraft:jump":1287,"minecraft:walk_on_water_one_cm":5967,"minecraft:interact_with_furnace":37,"minecraft:play_one_minute":72625,"minecraft:sleep_in_bed":5,"minecraft:time_since_rest":1254,"minecraft:damage_taken":558,"minecraft:damage_dealt":9204,"minecraft:swim_one_cm":594,"minecraft:fly_one_cm":221924,"minecraft:open_chest":7,"minecraft:crouch_one_cm":8230,"minecraft:fall_one_cm":25332},"minecraft:used":{"minecraft:iron_shovel":434,"minecraft:shield":16,"minecraft:chest":3,"minecraft:bell":3,"minecraft:smooth_sandstone_stairs":9,"minecraft:rotten_flesh":2,"minecraft:torch":119,"minecraft:dirt":347,"minecraft:iron_hoe":71,"minecraft:wooden_axe":37,"minecraft:iron_axe":78,"minecraft:smooth_sandstone":31,"minecraft:furnace":6,"minecraft:cooked_beef":9,"minecraft:cooked_mutton":4,"minecraft:stone_pickaxe":39,"minecraft:smooth_sandstone_slab":10,"minecraft:birch_boat":3,"minecraft:wooden_pickaxe":3,"minecraft:sandstone":7,"minecraft:cut_sandstone":16,"minecraft:green_bed":5,"minecraft:lime_terracotta":3,"minecraft:terracotta":11,"minecraft:crafting_table":3,"minecraft:lime_bed":4,"minecraft:white_bed":1,"minecraft:cyan_bed":2,"minecraft:iron_pickaxe":311,"minecraft:white_glazed_terracotta":1,"minecraft:stone_axe":30,"minecraft:cobblestone":5,"minecraft:jungle_door":1,"minecraft:sandstone_slab":51,"minecraft:bucket":1},"minecraft:picked_up":{"minecraft:wooden_axe":1,"minecraft:crafting_table":2,"minecraft:wheat":10,"minecraft:sandstone_slab":8,"minecraft:wooden_pickaxe":1,"minecraft:string":4,"minecraft:wooden_sword":1,"minecraft:beef":6,"minecraft:poppy":5,"minecraft:sugar_cane":28,"minecraft:chest":3,"minecraft:furnace":4,"minecraft:sandstone":31,"minecraft:white_glazed_terracotta":1,"minecraft:stick":2,"minecraft:jungle_door":2,"minecraft:oak_door":3,"minecraft:composter":1,"minecraft:torch":9,"minecraft:green_bed":5,"minecraft:diorite":1,"minecraft:smooth_sandstone_slab":8,"minecraft:arrow":9,"minecraft:cactus":13,"minecraft:rotten_flesh":26,"minecraft:hay_block":69,"minecraft:mutton":13,"minecraft:white_wool":3,"minecraft:cobblestone":56,"minecraft:oxeye_daisy":5,"minecraft:birch_log":21,"minecraft:lime_bed":4,"minecraft:leather":5,"minecraft:cut_sandstone":16,"minecraft:birch_planks":15,"minecraft:smooth_sandstone_stairs":9,"minecraft:oak_log":1,"minecraft:gunpowder":1,"minecraft:dirt":351,"minecraft:smooth_sandstone":39,"minecraft:bone":6,"minecraft:wheat_seeds":14,"minecraft:stone_pickaxe":1,"minecraft:bell":3,"minecraft:iron_ingot":38,"minecraft:grindstone":1,"minecraft:iron_ore":87,"minecraft:oak_planks":143,"minecraft:birch_boat":3,"minecraft:dandelion":5,"minecraft:lime_terracotta":3,"minecraft:gravel":2,"minecraft:sand":63,"minecraft:cyan_bed":2,"minecraft:spider_eye":1,"minecraft:stone_axe":1,"minecraft:bread":14,"minecraft:terracotta":11,"minecraft:coal":103,"minecraft:ender_pearl":2},"minecraft:mined":{"minecraft:grass_block":343,"minecraft:composter":1,"minecraft:sandstone":2,"minecraft:hay_block":70,"minecraft:furnace":4,"minecraft:iron_ore":87,"minecraft:white_glazed_terracotta":1,"minecraft:bell":3,"minecraft:smooth_sandstone_stairs":9,"minecraft:stone":53,"minecraft:green_bed":5,"minecraft:sandstone_slab":7,"minecraft:cut_sandstone":16,"minecraft:jungle_door":2,"minecraft:dandelion":1,"minecraft:smooth_sandstone":39,"minecraft:crafting_table":2,"minecraft:torch":1,"minecraft:chest":3,"minecraft:dead_bush":2,"minecraft:tall_grass":2,"minecraft:cobblestone":1,"minecraft:cyan_bed":2,"minecraft:grindstone":1,"minecraft:oak_planks":4,"minecraft:sugar_cane":9,"minecraft:diorite":1,"minecraft:smooth_sandstone_slab":9,"minecraft:wall_torch":1,"minecraft:cactus":1,"minecraft:lime_bed":4,"minecraft:birch_log":21,"minecraft:grass":35,"minecraft:coal_ore":102,"minecraft:oak_log":1,"minecraft:sand":63,"minecraft:lime_terracotta":3,"minecraft:dirt":11,"minecraft:terracotta":11},"minecraft:crafted":{"minecraft:oak_planks":4,"minecraft:birch_boat":1,"minecraft:furnace":4,"minecraft:cooked_mutton":4,"minecraft:iron_boots":1,"minecraft:iron_axe":1,"minecraft:iron_hoe":1,"minecraft:stone_pickaxe":1,"minecraft:chest":1,"minecraft:cooked_beef":9,"minecraft:crafting_table":1,"minecraft:wooden_pickaxe":1,"minecraft:iron_helmet":1,"minecraft:sandstone_slab":48,"minecraft:bucket":1,"minecraft:birch_planks":76,"minecraft:stone_axe":1,"minecraft:air":0,"minecraft:smooth_sandstone_slab":6,"minecraft:iron_chestplate":1,"minecraft:shield":1,"minecraft:stick":88,"minecraft:iron_ingot":64,"minecraft:iron_pickaxe":2,"minecraft:wooden_axe":1,"minecraft:iron_shovel":3,"minecraft:iron_leggings":1,"minecraft:white_bed":1,"minecraft:torch":240},"minecraft:broken":{"minecraft:iron_shovel":1,"minecraft:iron_pickaxe":1},"minecraft:dropped":{"minecraft:bread":4,"minecraft:birch_planks":1,"minecraft:wheat_seeds":2,"minecraft:iron_helmet":1,"minecraft:dirt":1,"minecraft:diorite":1,"minecraft:mutton":9,"minecraft:wooden_axe":1,"minecraft:wooden_sword":1,"minecraft:iron_shovel":1,"minecraft:string":2,"minecraft:oak_door":3,"minecraft:stone_axe":2,"minecraft:rotten_flesh":14,"minecraft:oak_planks":129,"minecraft:wooden_pickaxe":1,"minecraft:stone_pickaxe":1}},"DataVersion":2586}