{"stats":{"minecraft:killed":{"minecraft:husk":3,"minecraft:spider":1,"minecraft:creeper":1,"minecraft:sheep":3,"minecraft:skeleton":7,"minecraft:zombie":7,"minecraft:enderman":1,"minecraft:cow":4},"minecraft:custom":{"minecraft:interact_with_furnace":37,"minecraft:mob_kills":27,"minecraft:interact_with_crafting_table":21,"minecraft:play_one_minute":36625,"minecraft:time_since_death":36625,"minecraft:sleep_in_bed":1,"minecraft:time_since_rest":11392,"minecraft:sprint_one_cm":134117,"minecraft:damage_taken":430,"minecraft:walk_one_cm":78188,"minecraft:damage_blocked_by_shield":570,"minecraft:drop":18,"minecraft:damage_dealt":4764,"minecraft:fly_one_cm":107015,"minecraft:crouch_one_cm":1224,"minecraft:sneak_time":291,"minecraft:boat_one_cm":2153,"minecraft:jump":672,"minecraft:walk_on_water_one_cm":2863,"minecraft:fall_one_cm":9817},"minecraft:used":{"minecraft:cooked_mutton":4,"minecraft:iron_shovel":100,"minecraft:stone_pickaxe":39,"minecraft:wooden_pickaxe":3,"minecraft:birch_boat":1,"minecraft:shield":16,"minecraft:rotten_flesh":2,"minecraft:torch":94,"minecraft:dirt":84,"minecraft:crafting_table":1,"minecraft:white_bed":1,"minecraft:wooden_axe":37,"minecraft:iron_axe":21,"minecraft:iron_pickaxe":205,"minecraft:stone_axe":30,"minecraft:cobblestone":5,"minecraft:furnace":6,"minecraft:cooked_beef":4},"minecraft:picked_up":{"minecraft:wooden_axe":1,"minecraft:birch_log":21,"minecraft:leather":5,"minecraft:wooden_pickaxe":1,"minecraft:birch_planks":15,"minecraft:oak_log":1,"minecraft:gunpowder":1,"minecraft:dirt":98,"minecraft:string":2,"minecraft:wooden_sword":1,"minecraft:bone":6,"minecraft:wheat_seeds":8,"minecraft:beef":6,"minecraft:stone_pickaxe":1,"minecraft:iron_ore":87,"minecraft:oak_planks":133,"minecraft:furnace":2,"minecraft:birch_boat":1,"minecraft:oak_door":3,"minecraft:dandelion":1,"minecraft:torch":4,"minecraft:gravel":2,"minecraft:diorite":1,"minecraft:spider_eye":1,"minecraft:arrow":9,"minecraft:rotten_flesh":20,"minecraft:stone_axe":1,"minecraft:mutton":13,"minecraft:coal":103,"minecraft:oxeye_daisy":3,"minecraft:white_wool":3,"minecraft:cobblestone":55},"minecraft:mined":{"minecraft:grass_block":95,"minecraft:tall_grass":2,"minecraft:oak_planks":4,"minecraft:diorite":1,"minecraft:wall_torch":1,"minecraft:furnace":2,"minecraft:birch_log":21,"minecraft:iron_ore":87,"minecraft:grass":12,"minecraft:oak_log":1,"minecraft:coal_ore":102,"minecraft:stone":53},"minecraft:crafted":{"minecraft:cooked_beef":9,"minecraft:oak_planks":4,"minecraft:crafting_table":1,"minecraft:iron_helmet":1,"minecraft:wooden_pickaxe":1,"minecraft:birch_boat":1,"minecraft:furnace":4,"minecraft:birch_planks":48,"minecraft:stone_axe":1,"minecraft:cooked_mutton":4,"minecraft:air":0,"minecraft:iron_boots":1,"minecraft:iron_chestplate":1,"minecraft:shield":1,"minecraft:iron_axe":1,"minecraft:stick":44,"minecraft:iron_ingot":64,"minecraft:iron_pickaxe":1,"minecraft:stone_pickaxe":1,"minecraft:wooden_axe":1,"minecraft:iron_shovel":2,"minecraft:iron_leggings":1,"minecraft:white_bed":1,"minecraft:torch":96},"minecraft:dropped":{"minecraft:stone_axe":2,"minecraft:birch_planks":1,"minecraft:wheat_seeds":2,"minecraft:rotten_flesh":14,"minecraft:oak_planks":129,"minecraft:dirt":1,"minecraft:diorite":1,"minecraft:mutton":9,"minecraft:wooden_axe":1,"minecraft:wooden_sword":1,"minecraft:stone_pickaxe":1,"minecraft:wooden_pickaxe":1,"minecraft:iron_shovel":1,"minecraft:string":2,"minecraft:oak_door":3}},"DataVersion":2586}