{"stats":{"minecraft:custom":{"minecraft:interact_with_crafting_table":96,"minecraft:bell_ring":123,"minecraft:leave_game":13,"minecraft:time_since_death":243945,"minecraft:sprint_one_cm":2271834,"minecraft:damage_blocked_by_shield":730,"minecraft:drop":305,"minecraft:talked_to_villager":292,"minecraft:deaths":4,"minecraft:jump":11784,"minecraft:walk_on_water_one_cm":42495,"minecraft:interact_with_furnace":85,"minecraft:traded_with_villager":483,"minecraft:play_one_minute":679912,"minecraft:sleep_in_bed":37,"minecraft:damage_dealt":41539,"minecraft:crouch_one_cm":33927,"minecraft:mob_kills":255,"minecraft:climb_one_cm":10071,"minecraft:walk_one_cm":1910006,"minecraft:sneak_time":8846,"minecraft:walk_under_water_one_cm":18451,"minecraft:boat_one_cm":362289,"minecraft:interact_with_blast_furnace":26,"minecraft:interact_with_stonecutter":6,"minecraft:time_since_rest":26399,"minecraft:damage_taken":5643,"minecraft:swim_one_cm":31660,"minecraft:fly_one_cm":2578921,"minecraft:open_chest":527,"minecraft:fall_one_cm":220437},"minecraft:broken":{"minecraft:iron_shovel":5,"minecraft:iron_sword":1,"minecraft:iron_axe":4,"minecraft:iron_pickaxe":8,"minecraft:iron_helmet":1},"minecraft:killed":{"minecraft:witch":1,"minecraft:spider":30,"minecraft:skeleton":24,"minecraft:magma_cube":23,"minecraft:pig":2,"minecraft:zombie_villager":1,"minecraft:salmon":15,"minecraft:iron_golem":14,"minecraft:creeper":21,"minecraft:sheep":3,"minecraft:zombie":76,"minecraft:cow":4,"minecraft:horse":2,"minecraft:husk":15,"minecraft:rabbit":9,"minecraft:bat":2,"minecraft:villager":4,"minecraft:enderman":8},"minecraft:used":{"minecraft:iron_shovel":1549,"minecraft:ladder":9,"minecraft:chest":62,"minecraft:shield":20,"minecraft:iron_sword":262,"minecraft:bell":3,"minecraft:smooth_sandstone_stairs":25,"minecraft:rotten_flesh":8,"minecraft:carrot":150,"minecraft:obsidian":13,"minecraft:glass":29,"minecraft:lava_bucket":72,"minecraft:bow":169,"minecraft:oak_sapling":180,"minecraft:furnace":10,"minecraft:egg":1,"minecraft:stone_pickaxe":39,"minecraft:oak_planks":8,"minecraft:cactus":9,"minecraft:blackstone":5,"minecraft:wooden_pickaxe":3,"minecraft:sandstone":12,"minecraft:composter":10,"minecraft:diamond_axe":753,"minecraft:sand":14,"minecraft:blast_furnace":18,"minecraft:crossbow":10,"minecraft:shears":171,"minecraft:chiseled_sandstone":4,"minecraft:bread":72,"minecraft:cyan_bed":5,"minecraft:lectern":1,"minecraft:white_glazed_terracotta":1,"minecraft:gravel":23,"minecraft:fire_charge":1,"minecraft:grindstone":20,"minecraft:smithing_table":14,"minecraft:oak_boat":19,"minecraft:bone_meal":67,"minecraft:oak_trapdoor":9,"minecraft:iron_bars":3,"minecraft:flint_and_steel":18,"minecraft:cooked_salmon":2,"minecraft:torch":756,"minecraft:dirt":2815,"minecraft:granite":1,"minecraft:polished_diorite":45,"minecraft:iron_hoe":217,"minecraft:wooden_axe":37,"minecraft:iron_axe":955,"minecraft:smooth_sandstone":90,"minecraft:barrel":3,"minecraft:basalt":32,"minecraft:minecart":14,"minecraft:cooked_beef":9,"minecraft:acacia_planks":51,"minecraft:cooked_mutton":4,"minecraft:water_bucket":31,"minecraft:cobblestone_stairs":160,"minecraft:smooth_sandstone_slab":78,"minecraft:birch_boat":20,"minecraft:cut_sandstone":202,"minecraft:fletching_table":5,"minecraft:stonecutter":3,"minecraft:green_bed":8,"minecraft:lime_terracotta":3,"minecraft:rail":239,"minecraft:terracotta":11,"minecraft:lime_bed":6,"minecraft:crafting_table":11,"minecraft:white_bed":3,"minecraft:campfire":1,"minecraft:oak_log":8,"minecraft:diamond_pickaxe":666,"minecraft:apple":7,"minecraft:diamond_shovel":717,"minecraft:sunflower":1,"minecraft:iron_pickaxe":1993,"minecraft:suspicious_stew":2,"minecraft:map":1,"minecraft:stone_axe":30,"minecraft:cobblestone":126,"minecraft:cooked_porkchop":2,"minecraft:jungle_door":6,"minecraft:bucket":106,"minecraft:sandstone_slab":57,"minecraft:pumpkin_pie":68},"minecraft:picked_up":{"minecraft:wooden_axe":1,"minecraft:iron_chestplate":5,"minecraft:wheat":82,"minecraft:smithing_table":14,"minecraft:string":40,"minecraft:iron_leggings":4,"minecraft:bucket":4,"minecraft:iron_pickaxe":5,"minecraft:furnace":4,"minecraft:white_glazed_terracotta":1,"minecraft:stick":257,"minecraft:jungle_door":11,"minecraft:acacia_fence":9,"minecraft:composter":9,"minecraft:torch":185,"minecraft:acacia_log":348,"minecraft:green_bed":11,"minecraft:porkchop":1,"minecraft:diorite":107,"minecraft:golden_chestplate":1,"minecraft:rabbit_foot":1,"minecraft:cactus":42,"minecraft:rotten_flesh":211,"minecraft:obsidian":16,"minecraft:iron_bars":9,"minecraft:cobblestone":941,"minecraft:birch_log":21,"minecraft:magma_block":2,"minecraft:cooked_beef":44,"minecraft:feather":1,"minecraft:water_bucket":5,"minecraft:andesite":97,"minecraft:brown_wool":1,"minecraft:flint":4,"minecraft:smooth_sandstone_stairs":37,"minecraft:map":9,"minecraft:lapis_lazuli":57,"minecraft:dirt":2429,"minecraft:glass":46,"minecraft:bone":47,"minecraft:acacia_planks":9,"minecraft:stonecutter":4,"minecraft:bow":23,"minecraft:wheat_seeds":130,"minecraft:bell":3,"minecraft:grindstone":26,"minecraft:rabbit":10,"minecraft:fletching_table":3,"minecraft:oak_planks":205,"minecraft:cooked_porkchop":2,"minecraft:lime_terracotta":3,"minecraft:sand":288,"minecraft:ink_sac":8,"minecraft:grass_block":2,"minecraft:cyan_bed":5,"minecraft:chiseled_sandstone":1,"minecraft:iron_hoe":3,"minecraft:stripped_acacia_log":23,"minecraft:diamond":5,"minecraft:crossbow":12,"minecraft:granite":60,"minecraft:bone_meal":1,"minecraft:golden_apple":3,"minecraft:emerald":296,"minecraft:bread":160,"minecraft:oak_sapling":266,"minecraft:oak_leaves":174,"minecraft:fishing_rod":1,"minecraft:crafting_table":7,"minecraft:sandstone_slab":9,"minecraft:azure_bluet":4,"minecraft:ladder":30,"minecraft:wooden_pickaxe":2,"minecraft:oak_trapdoor":8,"minecraft:iron_axe":4,"minecraft:acacia_door":2,"minecraft:wooden_sword":3,"minecraft:flint_and_steel":5,"minecraft:iron_shovel":4,"minecraft:blackstone":5,"minecraft:cartography_table":3,"minecraft:beef":6,"minecraft:oak_boat":24,"minecraft:iron_nugget":9,"minecraft:poppy":31,"minecraft:minecart":12,"minecraft:chest":91,"minecraft:sugar_cane":106,"minecraft:egg":1,"minecraft:sandstone":128,"minecraft:oak_door":6,"minecraft:bowl":2,"minecraft:fire_charge":1,"minecraft:carrot":278,"minecraft:redstone":124,"minecraft:smooth_sandstone_slab":37,"minecraft:arrow":383,"minecraft:stone_shovel":1,"minecraft:pumpkin_pie":107,"minecraft:hay_block":204,"minecraft:mutton":13,"minecraft:rail":240,"minecraft:white_wool":3,"minecraft:oxeye_daisy":33,"minecraft:lime_bed":8,"minecraft:basalt":36,"minecraft:salmon":15,"minecraft:cut_sandstone":274,"minecraft:leather":16,"minecraft:acacia_wood":87,"minecraft:birch_planks":15,"minecraft:oak_log":729,"minecraft:gunpowder":43,"minecraft:cobblestone_stairs":40,"minecraft:paper":15,"minecraft:white_banner":1,"minecraft:smooth_sandstone":538,"minecraft:apple":28,"minecraft:rabbit_hide":5,"minecraft:iron_ingot":165,"minecraft:stone_pickaxe":1,"minecraft:iron_ore":147,"minecraft:tall_grass":3,"minecraft:acacia_sapling":3,"minecraft:oak_slab":12,"minecraft:birch_boat":21,"minecraft:dandelion":15,"minecraft:gravel":33,"minecraft:lava_bucket":9,"minecraft:blast_furnace":19,"minecraft:gold_ore":13,"minecraft:spider_eye":5,"minecraft:polished_diorite":2,"minecraft:stone_axe":1,"minecraft:iron_helmet":5,"minecraft:diamond_axe":1,"minecraft:terracotta":11,"minecraft:melon_seeds":4,"minecraft:acacia_slab":5,"minecraft:black_wool":1,"minecraft:coal":443,"minecraft:sunflower":3,"minecraft:ender_pearl":25},"minecraft:dropped":{"minecraft:birch_planks":1,"minecraft:diamond_axe":2,"minecraft:ender_pearl":2,"minecraft:crossbow":4,"minecraft:emerald":2,"minecraft:dirt":1,"minecraft:mutton":9,"minecraft:wooden_sword":1,"minecraft:pumpkin_pie":39,"minecraft:sunflower":3,"minecraft:sand":49,"minecraft:acacia_door":2,"minecraft:oak_door":3,"minecraft:stone_axe":2,"minecraft:golden_chestplate":1,"minecraft:wheat":3,"minecraft:rotten_flesh":38,"minecraft:oak_planks":134,"minecraft:diamond_shovel":1,"minecraft:carrot":138,"minecraft:poppy":9,"minecraft:melon_seeds":1,"minecraft:acacia_sapling":1,"minecraft:iron_ore":1,"minecraft:oak_leaves":8,"minecraft:iron_ingot":20,"minecraft:bread":121,"minecraft:oak_slab":1,"minecraft:wheat_seeds":42,"minecraft:cobblestone":4,"minecraft:iron_helmet":1,"minecraft:granite":5,"minecraft:stick":10,"minecraft:oxeye_daisy":3,"minecraft:lava_bucket":1,"minecraft:diorite":1,"minecraft:ink_sac":2,"minecraft:torch":41,"minecraft:wooden_axe":1,"minecraft:jungle_door":2,"minecraft:smooth_sandstone_slab":1,"minecraft:iron_axe":1,"minecraft:iron_shovel":4,"minecraft:string":14,"minecraft:smooth_sandstone":19,"minecraft:bucket":2,"minecraft:acacia_planks":4,"minecraft:dandelion":11,"minecraft:bowl":4,"minecraft:tall_grass":3,"minecraft:iron_boots":1,"minecraft:iron_hoe":1,"minecraft:shears":1,"minecraft:suspicious_stew":5,"minecraft:filled_map":1,"minecraft:shield":1,"minecraft:diamond_pickaxe":2,"minecraft:iron_chestplate":1,"minecraft:andesite":31,"minecraft:spider_eye":2,"minecraft:sandstone":3,"minecraft:stone_pickaxe":11,"minecraft:wooden_pickaxe":1},"minecraft:mined":{"minecraft:oak_sapling":8,"minecraft:cobblestone_stairs":40,"minecraft:obsidian":10,"minecraft:granite":63,"minecraft:acacia_log":349,"minecraft:grass_block":1676,"minecraft:polished_diorite":2,"minecraft:composter":9,"minecraft:oxeye_daisy":2,"minecraft:tall_seagrass":2,"minecraft:magma_block":1,"minecraft:iron_ore":146,"minecraft:fletching_table":3,"minecraft:iron_bars":9,"minecraft:smooth_sandstone_stairs":31,"minecraft:green_bed":11,"minecraft:sandstone_slab":8,"minecraft:cut_sandstone":258,"minecraft:jungle_door":5,"minecraft:blackstone":6,"minecraft:melon_stem":2,"minecraft:torch":42,"minecraft:blast_furnace":18,"minecraft:poppy":6,"minecraft:chest":38,"minecraft:dead_bush":9,"minecraft:glass":2,"minecraft:cobblestone":11,"minecraft:cyan_bed":5,"minecraft:grindstone":23,"minecraft:sugar_cane":18,"minecraft:oak_planks":15,"minecraft:smooth_sandstone_slab":40,"minecraft:wall_torch":13,"minecraft:seagrass":5,"minecraft:birch_log":21,"minecraft:wheat":13,"minecraft:grass":204,"minecraft:oak_log":731,"minecraft:lime_terracotta":3,"minecraft:sand":276,"minecraft:dirt":310,"minecraft:sandstone_wall":1,"minecraft:stonecutter":3,"minecraft:oak_leaves":325,"minecraft:diamond_ore":5,"minecraft:cartography_table":1,"minecraft:sandstone":10,"minecraft:hay_block":115,"minecraft:redstone_ore":28,"minecraft:oak_trapdoor":7,"minecraft:furnace":4,"minecraft:carrots":64,"minecraft:chiseled_sandstone":1,"minecraft:acacia_wood":87,"minecraft:acacia_stairs":1,"minecraft:andesite":65,"minecraft:white_glazed_terracotta":1,"minecraft:bell":3,"minecraft:rail":223,"minecraft:stripped_acacia_log":23,"minecraft:stone":941,"minecraft:smithing_table":13,"minecraft:acacia_leaves":2,"minecraft:glass_pane":1,"minecraft:basalt":36,"minecraft:dandelion":1,"minecraft:smooth_sandstone":197,"minecraft:crafting_table":6,"minecraft:tall_grass":37,"minecraft:lapis_ore":9,"minecraft:diorite":106,"minecraft:lime_bed":8,"minecraft:cactus":4,"minecraft:white_carpet":2,"minecraft:grass_path":2,"minecraft:coal_ore":348,"minecraft:sunflower":6,"minecraft:gravel":29,"minecraft:terracotta":11,"minecraft:acacia_planks":5,"minecraft:gold_ore":15},"minecraft:killed_by":{"minecraft:zombie_villager":1,"minecraft:witch":2,"minecraft:skeleton":1},"minecraft:crafted":{"minecraft:oak_planks":2872,"minecraft:barrel":8,"minecraft:cut_sandstone":16,"minecraft:birch_boat":1,"minecraft:diamond_shovel":3,"minecraft:bookshelf":1,"minecraft:cooked_mutton":4,"minecraft:suspicious_stew":7,"minecraft:glass":29,"minecraft:bow":18,"minecraft:iron_boots":1,"minecraft:tipped_arrow":60,"minecraft:chest":24,"minecraft:acacia_fence":9,"minecraft:rail":64,"minecraft:oak_slab":42,"minecraft:arrow":160,"minecraft:emerald":359,"minecraft:diamond_axe":2,"minecraft:crafting_table":5,"minecraft:acacia_slab":12,"minecraft:wooden_pickaxe":1,"minecraft:iron_helmet":2,"minecraft:smithing_table":1,"minecraft:fletching_table":2,"minecraft:birch_planks":76,"minecraft:campfire":1,"minecraft:lectern":1,"minecraft:iron_chestplate":1,"minecraft:book":4,"minecraft:paper":27,"minecraft:diamond_pickaxe":3,"minecraft:shield":1,"minecraft:stick":8732,"minecraft:iron_ingot":187,"minecraft:iron_pickaxe":7,"minecraft:sandstone":48,"minecraft:composter":1,"minecraft:shears":1,"minecraft:golden_carrot":42,"minecraft:cookie":36,"minecraft:furnace":4,"minecraft:bone_meal":66,"minecraft:oak_trapdoor":2,"minecraft:polished_diorite":104,"minecraft:iron_axe":5,"minecraft:ladder":9,"minecraft:iron_hoe":1,"minecraft:stone_pickaxe":11,"minecraft:minecart":3,"minecraft:wheat":621,"minecraft:cooked_beef":20,"minecraft:crossbow":10,"minecraft:enchanting_table":1,"minecraft:iron_sword":1,"minecraft:cooked_salmon":2,"minecraft:sandstone_slab":48,"minecraft:bucket":4,"minecraft:stone_axe":1,"minecraft:bread":126,"minecraft:air":0,"minecraft:oak_boat":7,"minecraft:smooth_sandstone_slab":42,"minecraft:wooden_axe":1,"minecraft:iron_shovel":8,"minecraft:iron_leggings":1,"minecraft:white_bed":1,"minecraft:pumpkin_pie":128,"minecraft:acacia_planks":1836,"minecraft:torch":592}},"DataVersion":2586}