{"stats":{"minecraft:killed":{"minecraft:witch":1,"minecraft:spider":30,"minecraft:skeleton":25,"minecraft:magma_cube":23,"minecraft:pig":2,"minecraft:zombie_villager":4,"minecraft:salmon":15,"minecraft:iron_golem":14,"minecraft:creeper":22,"minecraft:sheep":3,"minecraft:zombie":78,"minecraft:cow":4,"minecraft:phantom":1,"minecraft:horse":2,"minecraft:husk":16,"minecraft:rabbit":9,"minecraft:bat":2,"minecraft:villager":6,"minecraft:enderman":8},"minecraft:killed_by":{"minecraft:zombie_villager":1,"minecraft:witch":2,"minecraft:husk":3,"minecraft:skeleton":1},"minecraft:dropped":{"minecraft:birch_planks":1,"minecraft:diamond_axe":2,"minecraft:ender_pearl":2,"minecraft:diamond":3,"minecraft:crossbow":4,"minecraft:emerald":2,"minecraft:dirt":1,"minecraft:mutton":9,"minecraft:wooden_sword":1,"minecraft:pumpkin_pie":39,"minecraft:sunflower":3,"minecraft:sand":49,"minecraft:acacia_door":2,"minecraft:oak_door":3,"minecraft:stone_axe":2,"minecraft:golden_chestplate":1,"minecraft:wheat":3,"minecraft:rotten_flesh":38,"minecraft:oak_planks":134,"minecraft:diamond_shovel":1,"minecraft:carrot":138,"minecraft:poppy":9,"minecraft:tipped_arrow":38,"minecraft:melon_seeds":1,"minecraft:acacia_sapling":1,"minecraft:chainmail_boots":14,"minecraft:iron_ore":1,"minecraft:oak_leaves":8,"minecraft:iron_ingot":23,"minecraft:bread":121,"minecraft:oak_slab":1,"minecraft:wheat_seeds":45,"minecraft:cobblestone":4,"minecraft:iron_helmet":11,"minecraft:granite":5,"minecraft:chainmail_helmet":11,"minecraft:stick":10,"minecraft:oxeye_daisy":3,"minecraft:lava_bucket":1,"minecraft:diorite":1,"minecraft:ink_sac":2,"minecraft:torch":41,"minecraft:wooden_axe":1,"minecraft:jungle_door":2,"minecraft:iron_leggings":1,"minecraft:smooth_sandstone_slab":1,"minecraft:iron_axe":1,"minecraft:iron_shovel":4,"minecraft:string":14,"minecraft:smooth_sandstone":19,"minecraft:bucket":2,"minecraft:acacia_planks":50,"minecraft:dandelion":11,"minecraft:bowl":4,"minecraft:tall_grass":3,"minecraft:iron_boots":1,"minecraft:iron_hoe":1,"minecraft:shears":1,"minecraft:suspicious_stew":5,"minecraft:filled_map":1,"minecraft:shield":1,"minecraft:diamond_pickaxe":2,"minecraft:iron_chestplate":1,"minecraft:andesite":31,"minecraft:spider_eye":2,"minecraft:sandstone":3,"minecraft:stone_pickaxe":11,"minecraft:wooden_pickaxe":1},"minecraft:crafted":{"minecraft:oak_planks":3796,"minecraft:chainmail_helmet":8,"minecraft:barrel":8,"minecraft:oak_sign":3,"minecraft:cut_sandstone":16,"minecraft:birch_boat":1,"minecraft:diamond_shovel":3,"minecraft:bookshelf":2,"minecraft:cooked_mutton":4,"minecraft:suspicious_stew":7,"minecraft:glass":52,"minecraft:bow":18,"minecraft:diamond_leggings":1,"minecraft:iron_boots":1,"minecraft:tipped_arrow":60,"minecraft:chest":27,"minecraft:acacia_fence":9,"minecraft:rail":64,"minecraft:oak_slab":42,"minecraft:arrow":160,"minecraft:emerald":458,"minecraft:diamond_axe":2,"minecraft:crafting_table":5,"minecraft:acacia_slab":12,"minecraft:wooden_pickaxe":1,"minecraft:iron_helmet":12,"minecraft:smithing_table":1,"minecraft:fletching_table":2,"minecraft:birch_planks":76,"minecraft:campfire":1,"minecraft:lectern":2,"minecraft:iron_chestplate":1,"minecraft:book":4,"minecraft:paper":54,"minecraft:diamond_pickaxe":3,"minecraft:shield":1,"minecraft:stick":11394,"minecraft:iron_ingot":187,"minecraft:iron_pickaxe":7,"minecraft:sandstone":48,"minecraft:composter":1,"minecraft:shears":1,"minecraft:golden_carrot":42,"minecraft:cookie":36,"minecraft:furnace":4,"minecraft:bone_meal":66,"minecraft:oak_trapdoor":6,"minecraft:polished_diorite":104,"minecraft:iron_axe":5,"minecraft:ladder":9,"minecraft:iron_hoe":1,"minecraft:stone_pickaxe":11,"minecraft:cobblestone_wall":132,"minecraft:diamond_boots":1,"minecraft:minecart":4,"minecraft:wheat":621,"minecraft:cooked_beef":20,"minecraft:crossbow":10,"minecraft:enchanting_table":1,"minecraft:iron_sword":1,"minecraft:cooked_salmon":2,"minecraft:sandstone_slab":48,"minecraft:bucket":4,"minecraft:stone_axe":1,"minecraft:bread":126,"minecraft:air":0,"minecraft:oak_boat":7,"minecraft:smooth_sandstone_slab":42,"minecraft:chainmail_boots":12,"minecraft:wooden_axe":1,"minecraft:iron_shovel":8,"minecraft:iron_leggings":1,"minecraft:white_bed":1,"minecraft:pumpkin_pie":128,"minecraft:acacia_planks":2400,"minecraft:torch":592},"minecraft:custom":{"minecraft:interact_with_crafting_table":103,"minecraft:bell_ring":123,"minecraft:leave_game":18,"minecraft:time_since_death":288,"minecraft:sprint_one_cm":2520751,"minecraft:damage_blocked_by_shield":730,"minecraft:drop":349,"minecraft:talked_to_villager":391,"minecraft:deaths":7,"minecraft:jump":13158,"minecraft:walk_on_water_one_cm":53797,"minecraft:interact_with_furnace":97,"minecraft:traded_with_villager":615,"minecraft:play_one_minute":788350,"minecraft:sleep_in_bed":38,"minecraft:damage_dealt":43459,"minecraft:crouch_one_cm":45133,"minecraft:horse_one_cm":4558,"minecraft:mob_kills":266,"minecraft:climb_one_cm":10071,"minecraft:walk_one_cm":2246617,"minecraft:sneak_time":13116,"minecraft:walk_under_water_one_cm":43900,"minecraft:boat_one_cm":362289,"minecraft:interact_with_blast_furnace":27,"minecraft:interact_with_stonecutter":7,"minecraft:time_since_rest":389,"minecraft:damage_taken":8617,"minecraft:swim_one_cm":57981,"minecraft:fly_one_cm":2809152,"minecraft:open_chest":613,"minecraft:fall_one_cm":240846},"minecraft:broken":{"minecraft:iron_shovel":5,"minecraft:iron_chestplate":1,"minecraft:iron_sword":1,"minecraft:iron_axe":4,"minecraft:iron_pickaxe":8,"minecraft:iron_helmet":1},"minecraft:mined":{"minecraft:oak_sapling":14,"minecraft:cobblestone_stairs":40,"minecraft:obsidian":10,"minecraft:granite":63,"minecraft:acacia_log":349,"minecraft:grass_block":1702,"minecraft:polished_diorite":2,"minecraft:composter":9,"minecraft:oxeye_daisy":2,"minecraft:tall_seagrass":2,"minecraft:magma_block":1,"minecraft:iron_ore":146,"minecraft:barrel":4,"minecraft:fletching_table":3,"minecraft:iron_bars":11,"minecraft:smooth_sandstone_stairs":31,"minecraft:green_bed":12,"minecraft:sandstone_slab":8,"minecraft:cut_sandstone":258,"minecraft:jungle_door":5,"minecraft:blackstone":6,"minecraft:melon_stem":2,"minecraft:torch":43,"minecraft:blast_furnace":20,"minecraft:poppy":6,"minecraft:chest":40,"minecraft:dead_bush":10,"minecraft:glass":9,"minecraft:cobblestone":87,"minecraft:oak_planks":15,"minecraft:cyan_bed":5,"minecraft:sugar_cane":18,"minecraft:grindstone":37,"minecraft:smooth_sandstone_slab":40,"minecraft:wall_torch":14,"minecraft:seagrass":5,"minecraft:birch_log":21,"minecraft:wheat":13,"minecraft:grass":209,"minecraft:oak_log":930,"minecraft:lime_terracotta":3,"minecraft:sand":299,"minecraft:dirt":348,"minecraft:sandstone_wall":1,"minecraft:stonecutter":3,"minecraft:oak_leaves":378,"minecraft:diamond_ore":5,"minecraft:cartography_table":1,"minecraft:sandstone":10,"minecraft:hay_block":115,"minecraft:redstone_ore":28,"minecraft:oak_trapdoor":11,"minecraft:furnace":4,"minecraft:carrots":64,"minecraft:chiseled_sandstone":2,"minecraft:acacia_wood":87,"minecraft:andesite":65,"minecraft:acacia_stairs":1,"minecraft:white_glazed_terracotta":1,"minecraft:bell":3,"minecraft:rail":313,"minecraft:stripped_acacia_log":23,"minecraft:stone":941,"minecraft:smithing_table":13,"minecraft:oak_slab":3,"minecraft:acacia_leaves":2,"minecraft:glass_pane":1,"minecraft:basalt":36,"minecraft:dandelion":1,"minecraft:smooth_sandstone":202,"minecraft:crafting_table":6,"minecraft:lectern":17,"minecraft:tall_grass":38,"minecraft:lapis_ore":9,"minecraft:diorite":106,"minecraft:cactus":4,"minecraft:lime_bed":8,"minecraft:cobblestone_wall":2,"minecraft:white_carpet":2,"minecraft:grass_path":2,"minecraft:coal_ore":348,"minecraft:gravel":29,"minecraft:sunflower":6,"minecraft:terracotta":11,"minecraft:acacia_planks":5,"minecraft:gold_ore":15},"minecraft:used":{"minecraft:iron_shovel":1549,"minecraft:ladder":9,"minecraft:chest":65,"minecraft:shield":20,"minecraft:iron_sword":262,"minecraft:bell":3,"minecraft:smooth_sandstone_stairs":25,"minecraft:rotten_flesh":8,"minecraft:carrot":150,"minecraft:obsidian":13,"minecraft:glass":33,"minecraft:lava_bucket":74,"minecraft:bow":180,"minecraft:oak_sapling":220,"minecraft:furnace":10,"minecraft:egg":1,"minecraft:stone_pickaxe":39,"minecraft:oak_planks":8,"minecraft:cactus":9,"minecraft:blackstone":5,"minecraft:ender_pearl":1,"minecraft:wooden_pickaxe":3,"minecraft:sandstone":13,"minecraft:composter":10,"minecraft:diamond_axe":1052,"minecraft:sand":14,"minecraft:blast_furnace":20,"minecraft:crossbow":10,"minecraft:shears":171,"minecraft:chiseled_sandstone":6,"minecraft:bread":72,"minecraft:cyan_bed":5,"minecraft:lectern":19,"minecraft:white_glazed_terracotta":1,"minecraft:gravel":23,"minecraft:fire_charge":1,"minecraft:grindstone":35,"minecraft:smithing_table":14,"minecraft:oak_boat":19,"minecraft:bone_meal":67,"minecraft:oak_trapdoor":17,"minecraft:iron_bars":6,"minecraft:flint_and_steel":18,"minecraft:cooked_salmon":2,"minecraft:torch":768,"minecraft:dirt":2875,"minecraft:cobblestone_wall":3,"minecraft:granite":1,"minecraft:polished_diorite":45,"minecraft:iron_hoe":217,"minecraft:wooden_axe":37,"minecraft:iron_axe":955,"minecraft:smooth_sandstone":94,"minecraft:barrel":8,"minecraft:basalt":32,"minecraft:golden_carrot":14,"minecraft:minecart":29,"minecraft:cooked_beef":9,"minecraft:acacia_planks":51,"minecraft:cooked_mutton":4,"minecraft:water_bucket":54,"minecraft:cobblestone_stairs":160,"minecraft:smooth_sandstone_slab":78,"minecraft:birch_boat":20,"minecraft:cut_sandstone":206,"minecraft:fletching_table":5,"minecraft:stonecutter":3,"minecraft:green_bed":11,"minecraft:lime_terracotta":3,"minecraft:rail":372,"minecraft:terracotta":11,"minecraft:oak_slab":6,"minecraft:lime_bed":7,"minecraft:crafting_table":12,"minecraft:white_bed":3,"minecraft:campfire":1,"minecraft:oak_log":8,"minecraft:diamond_pickaxe":867,"minecraft:apple":7,"minecraft:diamond_shovel":769,"minecraft:sunflower":1,"minecraft:iron_pickaxe":1993,"minecraft:suspicious_stew":2,"minecraft:map":1,"minecraft:stone_axe":30,"minecraft:cobblestone":295,"minecraft:cooked_porkchop":2,"minecraft:jungle_door":6,"minecraft:bucket":131,"minecraft:sandstone_slab":57,"minecraft:pumpkin_pie":89},"minecraft:picked_up":{"minecraft:wooden_axe":1,"minecraft:iron_chestplate":5,"minecraft:wheat":82,"minecraft:chainmail_boots":2,"minecraft:smithing_table":14,"minecraft:string":40,"minecraft:iron_leggings":4,"minecraft:oak_sign":9,"minecraft:diamond_leggings":3,"minecraft:bucket":4,"minecraft:iron_pickaxe":5,"minecraft:furnace":4,"minecraft:tipped_arrow":118,"minecraft:white_glazed_terracotta":1,"minecraft:stick":329,"minecraft:jungle_door":11,"minecraft:acacia_fence":9,"minecraft:composter":9,"minecraft:torch":193,"minecraft:acacia_log":489,"minecraft:green_bed":12,"minecraft:porkchop":1,"minecraft:diorite":107,"minecraft:golden_chestplate":1,"minecraft:rabbit_foot":12,"minecraft:cactus":42,"minecraft:rotten_flesh":243,"minecraft:obsidian":16,"minecraft:iron_bars":11,"minecraft:cobblestone":1103,"minecraft:birch_log":21,"minecraft:magma_block":2,"minecraft:feather":1,"minecraft:cooked_beef":44,"minecraft:water_bucket":8,"minecraft:andesite":97,"minecraft:brown_wool":1,"minecraft:flint":4,"minecraft:smooth_sandstone_stairs":37,"minecraft:map":9,"minecraft:lapis_lazuli":57,"minecraft:dirt":2509,"minecraft:glass":91,"minecraft:bone":55,"minecraft:acacia_planks":63,"minecraft:stonecutter":4,"minecraft:bow":26,"minecraft:wheat_seeds":135,"minecraft:bell":3,"minecraft:grindstone":40,"minecraft:fletching_table":3,"minecraft:rabbit":10,"minecraft:oak_planks":223,"minecraft:cooked_porkchop":2,"minecraft:lime_terracotta":3,"minecraft:sand":311,"minecraft:ink_sac":8,"minecraft:grass_block":4,"minecraft:cyan_bed":5,"minecraft:chiseled_sandstone":2,"minecraft:barrel":4,"minecraft:iron_hoe":3,"minecraft:stripped_acacia_log":23,"minecraft:diamond":5,"minecraft:crossbow":12,"minecraft:granite":60,"minecraft:bone_meal":1,"minecraft:golden_apple":3,"minecraft:emerald":363,"minecraft:chainmail_helmet":4,"minecraft:bread":160,"minecraft:oak_sapling":430,"minecraft:oak_leaves":174,"minecraft:diamond_pickaxe":3,"minecraft:fishing_rod":1,"minecraft:crafting_table":7,"minecraft:sandstone_slab":9,"minecraft:azure_bluet":4,"minecraft:ladder":30,"minecraft:wooden_pickaxe":2,"minecraft:oak_trapdoor":13,"minecraft:iron_axe":4,"minecraft:acacia_door":2,"minecraft:wooden_sword":3,"minecraft:flint_and_steel":8,"minecraft:iron_shovel":4,"minecraft:blackstone":5,"minecraft:cartography_table":3,"minecraft:beef":6,"minecraft:oak_boat":24,"minecraft:iron_nugget":9,"minecraft:poppy":31,"minecraft:minecart":30,"minecraft:lectern":17,"minecraft:chest":93,"minecraft:sugar_cane":108,"minecraft:egg":1,"minecraft:sandstone":128,"minecraft:oak_door":6,"minecraft:bowl":2,"minecraft:fire_charge":1,"minecraft:carrot":278,"minecraft:redstone":124,"minecraft:smooth_sandstone_slab":37,"minecraft:arrow":384,"minecraft:stone_shovel":1,"minecraft:pumpkin_pie":107,"minecraft:diamond_boots":4,"minecraft:hay_block":204,"minecraft:mutton":13,"minecraft:rail":403,"minecraft:white_wool":3,"minecraft:oxeye_daisy":33,"minecraft:lime_bed":8,"minecraft:basalt":36,"minecraft:golden_carrot":127,"minecraft:salmon":18,"minecraft:cut_sandstone":274,"minecraft:leather":16,"minecraft:acacia_wood":87,"minecraft:birch_planks":15,"minecraft:oak_log":960,"minecraft:cobblestone_wall":194,"minecraft:gunpowder":43,"minecraft:cobblestone_stairs":40,"minecraft:paper":39,"minecraft:white_banner":1,"minecraft:smooth_sandstone":546,"minecraft:apple":138,"minecraft:rabbit_hide":5,"minecraft:iron_ingot":185,"minecraft:stone_pickaxe":1,"minecraft:iron_ore":147,"minecraft:tall_grass":3,"minecraft:acacia_sapling":11,"minecraft:oak_slab":15,"minecraft:birch_boat":24,"minecraft:dandelion":15,"minecraft:gravel":33,"minecraft:lava_bucket":12,"minecraft:blast_furnace":21,"minecraft:gold_ore":13,"minecraft:spider_eye":5,"minecraft:diamond_shovel":6,"minecraft:polished_diorite":2,"minecraft:stone_axe":1,"minecraft:iron_helmet":5,"minecraft:diamond_axe":4,"minecraft:terracotta":11,"minecraft:melon_seeds":4,"minecraft:acacia_slab":5,"minecraft:black_wool":1,"minecraft:coal":443,"minecraft:sunflower":11,"minecraft:ender_pearl":31}},"DataVersion":2586}