{"stats":{"minecraft:killed":{"minecraft:sheep":3,"minecraft:skeleton":2,"minecraft:husk":3,"minecraft:zombie":2,"minecraft:spider":1,"minecraft:cow":4},"minecraft:custom":{"minecraft:time_since_rest":12625,"minecraft:interact_with_furnace":6,"minecraft:sprint_one_cm":37464,"minecraft:damage_taken":210,"minecraft:walk_one_cm":32457,"minecraft:mob_kills":15,"minecraft:drop":1,"minecraft:damage_dealt":2064,"minecraft:interact_with_crafting_table":8,"minecraft:fly_one_cm":70241,"minecraft:crouch_one_cm":1025,"minecraft:play_one_minute":12625,"minecraft:sneak_time":230,"minecraft:jump":335,"minecraft:time_since_death":12625,"minecraft:walk_on_water_one_cm":1185,"minecraft:fall_one_cm":6860},"minecraft:used":{"minecraft:cooked_mutton":4,"minecraft:wooden_axe":37,"minecraft:stone_pickaxe":39,"minecraft:wooden_pickaxe":3,"minecraft:rotten_flesh":2,"minecraft:stone_axe":18,"minecraft:crafting_table":1,"minecraft:furnace":1,"minecraft:white_bed":1},"minecraft:picked_up":{"minecraft:birch_log":21,"minecraft:leather":5,"minecraft:birch_planks":15,"minecraft:oak_log":1,"minecraft:spider_eye":1,"minecraft:string":2,"minecraft:bone":2,"minecraft:rotten_flesh":11,"minecraft:stone_axe":1,"minecraft:wheat_seeds":2,"minecraft:beef":6,"minecraft:iron_ore":12,"minecraft:coal":6,"minecraft:mutton":4,"minecraft:white_wool":3,"minecraft:cobblestone":23},"minecraft:mined":{"minecraft:iron_ore":12,"minecraft:birch_log":21,"minecraft:grass":6,"minecraft:coal_ore":6,"minecraft:oak_log":1,"minecraft:tall_grass":2,"minecraft:stone":23},"minecraft:crafted":{"minecraft:oak_planks":4,"minecraft:shield":1,"minecraft:crafting_table":1,"minecraft:stick":8,"minecraft:iron_ingot":8,"minecraft:wooden_pickaxe":1,"minecraft:stone_pickaxe":1,"minecraft:wooden_axe":1,"minecraft:furnace":1,"minecraft:white_bed":1,"minecraft:birch_planks":28,"minecraft:stone_axe":1,"minecraft:air":0,"minecraft:cooked_mutton":4},"minecraft:dropped":{"minecraft:stone_axe":1}},"DataVersion":2586}