{"stats":{"minecraft:custom":{"minecraft:interact_with_crafting_table":134,"minecraft:open_barrel":15,"minecraft:bell_ring":123,"minecraft:leave_game":39,"minecraft:time_since_death":167348,"minecraft:sprint_one_cm":3564843,"minecraft:damage_blocked_by_shield":730,"minecraft:drop":525,"minecraft:talked_to_villager":631,"minecraft:deaths":20,"minecraft:jump":19284,"minecraft:walk_on_water_one_cm":109437,"minecraft:interact_with_furnace":102,"minecraft:traded_with_villager":902,"minecraft:play_one_minute":1273518,"minecraft:sleep_in_bed":44,"minecraft:damage_dealt":64166,"minecraft:crouch_one_cm":112032,"minecraft:horse_one_cm":4558,"minecraft:mob_kills":379,"minecraft:inspect_hopper":10,"minecraft:climb_one_cm":14351,"minecraft:walk_one_cm":3624478,"minecraft:sneak_time":38456,"minecraft:walk_under_water_one_cm":90944,"minecraft:boat_one_cm":369396,"minecraft:interact_with_blast_furnace":30,"minecraft:interact_with_stonecutter":9,"minecraft:time_since_rest":82246,"minecraft:damage_taken":18357,"minecraft:minecart_one_cm":797,"minecraft:swim_one_cm":112246,"minecraft:fly_one_cm":3849379,"minecraft:open_chest":864,"minecraft:fall_one_cm":346293},"minecraft:broken":{"minecraft:iron_shovel":5,"minecraft:iron_chestplate":1,"minecraft:diamond_shovel":1,"minecraft:iron_sword":1,"minecraft:iron_axe":4,"minecraft:iron_pickaxe":8,"minecraft:iron_helmet":1},"minecraft:killed":{"minecraft:zombified_piglin":1,"minecraft:witch":1,"minecraft:spider":42,"minecraft:skeleton":40,"minecraft:magma_cube":23,"minecraft:pig":2,"minecraft:zombie_villager":6,"minecraft:salmon":15,"minecraft:iron_golem":21,"minecraft:creeper":28,"minecraft:sheep":3,"minecraft:zombie":128,"minecraft:cow":4,"minecraft:phantom":6,"minecraft:horse":2,"minecraft:drowned":2,"minecraft:husk":22,"minecraft:rabbit":9,"minecraft:bat":2,"minecraft:villager":10,"minecraft:enderman":10},"minecraft:used":{"minecraft:iron_shovel":1553,"minecraft:oak_sign":13,"minecraft:ladder":9,"minecraft:shield":20,"minecraft:chest":68,"minecraft:iron_sword":262,"minecraft:bell":3,"minecraft:smooth_sandstone_stairs":25,"minecraft:rotten_flesh":15,"minecraft:carrot":150,"minecraft:obsidian":13,"minecraft:glass":38,"minecraft:lava_bucket":97,"minecraft:grass_block":1,"minecraft:bow":311,"minecraft:oak_sapling":309,"minecraft:furnace":10,"minecraft:egg":1,"minecraft:stone_pickaxe":39,"minecraft:oak_planks":14,"minecraft:cactus":9,"minecraft:blackstone":5,"minecraft:ender_pearl":4,"minecraft:wooden_pickaxe":3,"minecraft:sandstone":27,"minecraft:composter":10,"minecraft:diamond_axe":1829,"minecraft:oak_leaves":5,"minecraft:sand":14,"minecraft:blast_furnace":20,"minecraft:crossbow":10,"minecraft:shears":171,"minecraft:lever":20,"minecraft:chiseled_sandstone":26,"minecraft:bread":72,"minecraft:cyan_bed":5,"minecraft:lectern":46,"minecraft:white_glazed_terracotta":1,"minecraft:gravel":86,"minecraft:diamond_sword":23,"minecraft:fire_charge":1,"minecraft:grindstone":52,"minecraft:smithing_table":23,"minecraft:andesite":9,"minecraft:oak_boat":19,"minecraft:bone_meal":67,"minecraft:oak_trapdoor":55,"minecraft:iron_bars":37,"minecraft:flint_and_steel":18,"minecraft:redstone":30,"minecraft:cooked_salmon":2,"minecraft:torch":973,"minecraft:dirt":4002,"minecraft:hopper":9,"minecraft:cobblestone_wall":99,"minecraft:granite":1,"minecraft:polished_diorite":123,"minecraft:iron_hoe":278,"minecraft:wooden_axe":37,"minecraft:iron_axe":955,"minecraft:smooth_sandstone":95,"minecraft:barrel":19,"minecraft:basalt":32,"minecraft:golden_carrot":52,"minecraft:minecart":78,"minecraft:cooked_beef":9,"minecraft:acacia_planks":51,"minecraft:cooked_mutton":4,"minecraft:water_bucket":92,"minecraft:cobblestone_stairs":160,"minecraft:polished_andesite":69,"minecraft:smooth_sandstone_slab":78,"minecraft:birch_boat":22,"minecraft:cut_sandstone":257,"minecraft:fletching_table":14,"minecraft:stonecutter":3,"minecraft:green_bed":17,"minecraft:cobblestone_slab":12,"minecraft:terracotta":11,"minecraft:lime_terracotta":3,"minecraft:rail":571,"minecraft:lime_bed":10,"minecraft:crafting_table":16,"minecraft:oak_slab":18,"minecraft:white_bed":3,"minecraft:campfire":1,"minecraft:oak_log":10,"minecraft:piston":18,"minecraft:diamond_pickaxe":1774,"minecraft:apple":10,"minecraft:diamond_shovel":2078,"minecraft:sunflower":1,"minecraft:iron_pickaxe":1993,"minecraft:suspicious_stew":2,"minecraft:map":1,"minecraft:stone_axe":30,"minecraft:cobblestone":1112,"minecraft:cooked_porkchop":2,"minecraft:jungle_door":6,"minecraft:bucket":192,"minecraft:sandstone_slab":57,"minecraft:pumpkin_pie":173},"minecraft:picked_up":{"minecraft:wooden_axe":1,"minecraft:iron_chestplate":5,"minecraft:wheat":82,"minecraft:chainmail_boots":6,"minecraft:smithing_table":23,"minecraft:string":62,"minecraft:iron_leggings":4,"minecraft:oak_sign":21,"minecraft:diamond_leggings":15,"minecraft:gold_nugget":1,"minecraft:bucket":8,"minecraft:cobblestone_slab":8,"minecraft:iron_pickaxe":5,"minecraft:furnace":4,"minecraft:tipped_arrow":396,"minecraft:white_glazed_terracotta":1,"minecraft:stick":436,"minecraft:jungle_door":11,"minecraft:acacia_fence":9,"minecraft:composter":9,"minecraft:torch":442,"minecraft:acacia_log":489,"minecraft:green_bed":18,"minecraft:porkchop":1,"minecraft:diorite":112,"minecraft:golden_chestplate":1,"minecraft:rabbit_foot":48,"minecraft:cactus":42,"minecraft:rotten_flesh":394,"minecraft:obsidian":16,"minecraft:iron_bars":30,"minecraft:cobblestone":1743,"minecraft:birch_log":21,"minecraft:magma_block":2,"minecraft:feather":1,"minecraft:cooked_beef":44,"minecraft:water_bucket":20,"minecraft:andesite":132,"minecraft:brown_wool":1,"minecraft:potato":3,"minecraft:flint":18,"minecraft:smooth_sandstone_stairs":37,"minecraft:map":9,"minecraft:lapis_lazuli":120,"minecraft:dirt":4150,"minecraft:leather_boots":4,"minecraft:glass":106,"minecraft:bone":91,"minecraft:acacia_planks":63,"minecraft:bow":44,"minecraft:stonecutter":4,"minecraft:wheat_seeds":191,"minecraft:bell":3,"minecraft:grindstone":57,"minecraft:rabbit":10,"minecraft:fletching_table":12,"minecraft:diamond_helmet":5,"minecraft:oak_planks":363,"minecraft:cooked_porkchop":2,"minecraft:lime_terracotta":3,"minecraft:sand":576,"minecraft:ink_sac":8,"minecraft:grass_block":4,"minecraft:cyan_bed":5,"minecraft:chiseled_sandstone":7,"minecraft:barrel":5,"minecraft:iron_hoe":3,"minecraft:stripped_acacia_log":23,"minecraft:polished_andesite":1,"minecraft:diamond":8,"minecraft:lever":5,"minecraft:crossbow":12,"minecraft:granite":71,"minecraft:bone_meal":1,"minecraft:golden_apple":3,"minecraft:chainmail_helmet":24,"minecraft:emerald":442,"minecraft:bread":160,"minecraft:oak_sapling":774,"minecraft:oak_leaves":273,"minecraft:diamond_pickaxe":15,"minecraft:fishing_rod":1,"minecraft:crafting_table":11,"minecraft:sandstone_slab":9,"minecraft:azure_bluet":25,"minecraft:ladder":30,"minecraft:wooden_pickaxe":2,"minecraft:oak_trapdoor":75,"minecraft:iron_axe":4,"minecraft:acacia_door":2,"minecraft:wooden_sword":3,"minecraft:flint_and_steel":17,"minecraft:iron_shovel":5,"minecraft:blackstone":5,"minecraft:cartography_table":3,"minecraft:beef":6,"minecraft:oak_boat":24,"minecraft:iron_nugget":9,"minecraft:poppy":52,"minecraft:minecart":90,"minecraft:lectern":43,"minecraft:sugar_cane":111,"minecraft:chest":96,"minecraft:piston":18,"minecraft:phantom_membrane":14,"minecraft:egg":1,"minecraft:sandstone":141,"minecraft:oak_door":6,"minecraft:bowl":2,"minecraft:fire_charge":1,"minecraft:carrot":278,"minecraft:redstone":280,"minecraft:smooth_sandstone_slab":37,"minecraft:arrow":472,"minecraft:stone_shovel":1,"minecraft:diamond_chestplate":4,"minecraft:pumpkin_pie":443,"minecraft:diamond_boots":15,"minecraft:hay_block":204,"minecraft:gold_ingot":54,"minecraft:mutton":13,"minecraft:rail":753,"minecraft:white_wool":3,"minecraft:oxeye_daisy":35,"minecraft:lime_bed":11,"minecraft:basalt":36,"minecraft:golden_carrot":155,"minecraft:salmon":29,"minecraft:cut_sandstone":286,"minecraft:leather":16,"minecraft:acacia_wood":87,"minecraft:birch_planks":15,"minecraft:oak_log":1310,"minecraft:cobblestone_wall":814,"minecraft:gunpowder":63,"minecraft:cobblestone_stairs":40,"minecraft:paper":139,"minecraft:white_banner":1,"minecraft:smooth_sandstone":547,"minecraft:apple":180,"minecraft:rabbit_hide":5,"minecraft:iron_ingot":364,"minecraft:stone_pickaxe":1,"minecraft:iron_ore":147,"minecraft:tall_grass":3,"minecraft:acacia_sapling":11,"minecraft:oak_slab":28,"minecraft:birch_boat":38,"minecraft:dandelion":15,"minecraft:gravel":118,"minecraft:lava_bucket":20,"minecraft:blast_furnace":21,"minecraft:gold_ore":13,"minecraft:spider_eye":20,"minecraft:leather_helmet":5,"minecraft:diamond_shovel":18,"minecraft:polished_diorite":120,"minecraft:stone_axe":1,"minecraft:iron_helmet":5,"minecraft:diamond_axe":17,"minecraft:terracotta":11,"minecraft:melon_seeds":4,"minecraft:acacia_slab":5,"minecraft:black_wool":1,"minecraft:coal":507,"minecraft:hopper":4,"minecraft:sunflower":27,"minecraft:ender_pearl":48},"minecraft:dropped":{"minecraft:birch_planks":1,"minecraft:diamond_axe":5,"minecraft:ender_pearl":4,"minecraft:diamond":6,"minecraft:crossbow":4,"minecraft:fletching_table":2,"minecraft:rail":7,"minecraft:leather_helmet":3,"minecraft:emerald":24,"minecraft:dirt":76,"minecraft:mutton":9,"minecraft:wooden_sword":1,"minecraft:gold_nugget":1,"minecraft:pumpkin_pie":39,"minecraft:sunflower":3,"minecraft:sand":51,"minecraft:acacia_door":2,"minecraft:bone":9,"minecraft:oak_door":3,"minecraft:stone_axe":2,"minecraft:golden_chestplate":1,"minecraft:wheat":3,"minecraft:rotten_flesh":64,"minecraft:oak_planks":152,"minecraft:diamond_shovel":2,"minecraft:azure_bluet":3,"minecraft:carrot":138,"minecraft:poppy":18,"minecraft:tipped_arrow":38,"minecraft:melon_seeds":1,"minecraft:acacia_sapling":1,"minecraft:chainmail_boots":17,"minecraft:iron_ore":1,"minecraft:iron_bars":2,"minecraft:oak_leaves":8,"minecraft:iron_ingot":183,"minecraft:bread":121,"minecraft:oak_slab":1,"minecraft:wheat_seeds":69,"minecraft:minecart":1,"minecraft:book":2,"minecraft:cobblestone":4,"minecraft:iron_helmet":11,"minecraft:granite":5,"minecraft:chainmail_helmet":25,"minecraft:polished_andesite":1,"minecraft:stick":10,"minecraft:oxeye_daisy":3,"minecraft:lava_bucket":1,"minecraft:diorite":1,"minecraft:ink_sac":2,"minecraft:torch":41,"minecraft:wooden_axe":1,"minecraft:jungle_door":2,"minecraft:iron_leggings":1,"minecraft:smooth_sandstone_slab":1,"minecraft:iron_axe":1,"minecraft:paper":4,"minecraft:iron_shovel":4,"minecraft:string":15,"minecraft:smooth_sandstone":19,"minecraft:bucket":2,"minecraft:acacia_planks":50,"minecraft:dandelion":11,"minecraft:bowl":4,"minecraft:tall_grass":3,"minecraft:iron_boots":1,"minecraft:iron_hoe":2,"minecraft:shears":1,"minecraft:suspicious_stew":5,"minecraft:diamond_sword":1,"minecraft:filled_map":1,"minecraft:shield":1,"minecraft:diamond_pickaxe":2,"minecraft:iron_chestplate":1,"minecraft:andesite":31,"minecraft:oak_sapling":24,"minecraft:spider_eye":2,"minecraft:diamond_boots":1,"minecraft:sandstone":3,"minecraft:stone_pickaxe":21,"minecraft:wooden_pickaxe":1},"minecraft:mined":{"minecraft:oak_sapling":29,"minecraft:cobblestone_stairs":40,"minecraft:obsidian":10,"minecraft:granite":75,"minecraft:acacia_log":349,"minecraft:grass_block":2389,"minecraft:polished_diorite":22,"minecraft:composter":9,"minecraft:hopper":4,"minecraft:oak_wall_sign":10,"minecraft:oxeye_daisy":3,"minecraft:tall_seagrass":5,"minecraft:magma_block":1,"minecraft:iron_ore":146,"minecraft:barrel":5,"minecraft:fletching_table":11,"minecraft:azure_bluet":16,"minecraft:iron_bars":28,"minecraft:smooth_sandstone_stairs":31,"minecraft:green_bed":18,"minecraft:piston_head":1,"minecraft:sandstone_slab":8,"minecraft:cut_sandstone":270,"minecraft:jungle_door":5,"minecraft:blackstone":6,"minecraft:melon_stem":2,"minecraft:torch":73,"minecraft:blast_furnace":20,"minecraft:poppy":9,"minecraft:chest":40,"minecraft:dead_bush":11,"minecraft:glass":15,"minecraft:cobblestone":578,"minecraft:oak_planks":21,"minecraft:sugar_cane":18,"minecraft:cyan_bed":5,"minecraft:grindstone":54,"minecraft:smooth_sandstone_slab":40,"minecraft:wall_torch":23,"minecraft:seagrass":6,"minecraft:birch_log":21,"minecraft:wheat":13,"minecraft:grass":269,"minecraft:oak_log":1278,"minecraft:lime_terracotta":3,"minecraft:sand":302,"minecraft:dirt":950,"minecraft:sandstone_wall":1,"minecraft:stonecutter":3,"minecraft:piston":2,"minecraft:oak_leaves":534,"minecraft:diamond_ore":5,"minecraft:lever":5,"minecraft:cartography_table":1,"minecraft:sandstone":23,"minecraft:hay_block":115,"minecraft:redstone_ore":28,"minecraft:oak_trapdoor":31,"minecraft:furnace":4,"minecraft:carrots":64,"minecraft:chiseled_sandstone":7,"minecraft:acacia_wood":87,"minecraft:andesite":102,"minecraft:acacia_stairs":1,"minecraft:white_glazed_terracotta":1,"minecraft:bell":3,"minecraft:cobblestone_slab":8,"minecraft:rail":441,"minecraft:stripped_acacia_log":23,"minecraft:stone":1018,"minecraft:smithing_table":22,"minecraft:oak_slab":18,"minecraft:acacia_leaves":2,"minecraft:glass_pane":1,"minecraft:basalt":36,"minecraft:dandelion":1,"minecraft:smooth_sandstone":202,"minecraft:crafting_table":9,"minecraft:lectern":43,"minecraft:tall_grass":46,"minecraft:lapis_ore":9,"minecraft:diorite":111,"minecraft:cactus":4,"minecraft:lime_bed":11,"minecraft:cobblestone_wall":44,"minecraft:white_carpet":2,"minecraft:grass_path":2,"minecraft:coal_ore":348,"minecraft:gravel":83,"minecraft:sunflower":11,"minecraft:terracotta":11,"minecraft:acacia_planks":5,"minecraft:gold_ore":15},"minecraft:killed_by":{"minecraft:zombie_villager":1,"minecraft:creeper":1,"minecraft:witch":2,"minecraft:zombie":3,"minecraft:husk":6,"minecraft:iron_golem":2,"minecraft:skeleton":2},"minecraft:crafted":{"minecraft:oak_planks":5188,"minecraft:chainmail_helmet":10,"minecraft:cobblestone_slab":6,"minecraft:barrel":20,"minecraft:oak_sign":3,"minecraft:cut_sandstone":16,"minecraft:birch_boat":1,"minecraft:lever":19,"minecraft:diamond_shovel":4,"minecraft:bookshelf":3,"minecraft:cooked_mutton":4,"minecraft:suspicious_stew":7,"minecraft:iron_bars":16,"minecraft:glass":52,"minecraft:hopper":5,"minecraft:diamond_helmet":1,"minecraft:bow":22,"minecraft:diamond_leggings":3,"minecraft:iron_boots":1,"minecraft:tipped_arrow":60,"minecraft:chest":33,"minecraft:acacia_fence":9,"minecraft:rail":64,"minecraft:oak_slab":54,"minecraft:emerald":681,"minecraft:arrow":320,"minecraft:diamond_axe":4,"minecraft:crafting_table":6,"minecraft:acacia_slab":12,"minecraft:wooden_pickaxe":1,"minecraft:iron_helmet":12,"minecraft:smithing_table":1,"minecraft:fletching_table":4,"minecraft:birch_planks":76,"minecraft:campfire":1,"minecraft:lectern":3,"minecraft:iron_chestplate":1,"minecraft:book":6,"minecraft:paper":54,"minecraft:diamond_pickaxe":3,"minecraft:shield":1,"minecraft:stick":14039,"minecraft:iron_ingot":187,"minecraft:iron_pickaxe":7,"minecraft:gold_ingot":24,"minecraft:sandstone":48,"minecraft:composter":1,"minecraft:shears":1,"minecraft:polished_andesite":132,"minecraft:golden_carrot":54,"minecraft:cookie":36,"minecraft:diamond_hoe":2,"minecraft:furnace":4,"minecraft:piston":20,"minecraft:bone_meal":66,"minecraft:oak_trapdoor":24,"minecraft:polished_diorite":104,"minecraft:iron_axe":9,"minecraft:ladder":9,"minecraft:iron_hoe":2,"minecraft:stone_pickaxe":21,"minecraft:cobblestone_wall":132,"minecraft:diamond_boots":3,"minecraft:minecart":4,"minecraft:wheat":621,"minecraft:cooked_beef":20,"minecraft:crossbow":10,"minecraft:diamond_sword":2,"minecraft:enchanting_table":1,"minecraft:iron_sword":1,"minecraft:cooked_salmon":2,"minecraft:sandstone_slab":48,"minecraft:bucket":4,"minecraft:stone_axe":1,"minecraft:bread":126,"minecraft:air":0,"minecraft:oak_boat":7,"minecraft:smooth_sandstone_slab":42,"minecraft:chainmail_boots":12,"minecraft:wooden_axe":1,"minecraft:iron_shovel":8,"minecraft:iron_leggings":1,"minecraft:white_bed":1,"minecraft:pumpkin_pie":212,"minecraft:acacia_planks":2400,"minecraft:torch":648}},"DataVersion":2586}