{"stats":{"minecraft:crafted":{"minecraft:wooden_sword":1,"minecraft:oak_door":3,"minecraft:oak_planks":284,"minecraft:stone_shovel":2,"minecraft:fishing_rod":1,"minecraft:cooked_porkchop":18,"minecraft:crafting_table":1,"minecraft:wooden_pickaxe":1,"minecraft:birch_planks":8,"minecraft:stone_axe":2,"minecraft:cooked_mutton":9,"minecraft:air":0,"minecraft:iron_boots":1,"minecraft:iron_chestplate":1,"minecraft:shield":1,"minecraft:iron_axe":1,"minecraft:stick":28,"minecraft:sandstone":16,"minecraft:stone_pickaxe":1,"minecraft:wooden_axe":1,"minecraft:chest":1,"minecraft:stone_sword":1,"minecraft:white_bed":1},"minecraft:mined":{"minecraft:white_bed":4,"minecraft:oak_door":4,"minecraft:crafting_table":1,"minecraft:torch":31,"minecraft:grass_block":91,"minecraft:dead_bush":3,"minecraft:tall_grass":18,"minecraft:oak_planks":295,"minecraft:oxeye_daisy":1,"minecraft:sandstone":35,"minecraft:wall_torch":1,"minecraft:hay_block":7,"minecraft:furnace":2,"minecraft:birch_log":1,"minecraft:andesite":2,"minecraft:birch_leaves":4,"minecraft:bee_nest":1,"minecraft:grass":80,"minecraft:oak_log":79,"minecraft:coal_ore":1,"minecraft:stripped_oak_log":8,"minecraft:sand":22,"minecraft:dirt":2,"minecraft:stone":14,"minecraft:oak_leaves":31},"minecraft:used":{"minecraft:stone_sword":18,"minecraft:stone_pickaxe":40,"minecraft:stone_shovel":147,"minecraft:oak_planks":519,"minecraft:wooden_pickaxe":14,"minecraft:chest":1,"minecraft:shield":19,"minecraft:sandstone":9,"minecraft:rotten_flesh":15,"minecraft:oak_door":4,"minecraft:dirt":4,"minecraft:crafting_table":1,"minecraft:white_bed":2,"minecraft:oak_log":9,"minecraft:wooden_axe":31,"minecraft:bread":4,"minecraft:iron_axe":246,"minecraft:stone_axe":313,"minecraft:wooden_sword":19,"minecraft:fishing_rod":10,"minecraft:grindstone":1,"minecraft:cooked_porkchop":2,"minecraft:white_banner":1,"minecraft:porkchop":1},"minecraft:dropped":{"minecraft:oak_door":1,"minecraft:water_bucket":1,"minecraft:stone_axe":1,"minecraft:birch_planks":3,"minecraft:oak_planks":11,"minecraft:oxeye_daisy":1,"minecraft:hay_block":7,"minecraft:diorite":1,"minecraft:ink_sac":1,"minecraft:andesite":2,"minecraft:oak_sapling":1,"minecraft:sandstone":2,"minecraft:smooth_sandstone_slab":1,"minecraft:white_banner":1,"minecraft:arrow":2,"minecraft:wooden_pickaxe":1,"minecraft:string":2,"minecraft:smooth_sandstone":1,"minecraft:white_wool":4},"minecraft:custom":{"minecraft:interact_with_furnace":17,"minecraft:mob_kills":25,"minecraft:interact_with_crafting_table":16,"minecraft:play_one_minute":185578,"minecraft:interact_with_grindstone":1,"minecraft:leave_game":24,"minecraft:time_since_death":0,"minecraft:sleep_in_bed":9,"minecraft:time_since_rest":2010,"minecraft:sprint_one_cm":339391,"minecraft:damage_taken":994,"minecraft:walk_one_cm":684762,"minecraft:damage_blocked_by_shield":360,"minecraft:drop":20,"minecraft:damage_dealt":3604,"minecraft:swim_one_cm":704,"minecraft:talked_to_villager":5,"minecraft:fly_one_cm":138501,"minecraft:open_chest":23,"minecraft:crouch_one_cm":1166,"minecraft:deaths":3,"minecraft:sneak_time":474,"minecraft:walk_under_water_one_cm":589,"minecraft:jump":1663,"minecraft:walk_on_water_one_cm":3561,"minecraft:fish_caught":1,"minecraft:fall_one_cm":36613},"minecraft:killed":{"minecraft:cat":1,"minecraft:husk":1,"minecraft:pig":8,"minecraft:iron_golem":1,"minecraft:sheep":7,"minecraft:pillager":2,"minecraft:zombie":3,"minecraft:bee":1,"minecraft:villager":1,"minecraft:cow":1},"minecraft:killed_by":{"minecraft:zombie":3},"minecraft:broken":{"minecraft:iron_axe":1,"minecraft:stone_axe":2},"minecraft:picked_up":{"minecraft:stripped_oak_log":8,"minecraft:andesite":8,"minecraft:salmon":1,"minecraft:leather":6,"minecraft:wooden_pickaxe":2,"minecraft:filled_map":1,"minecraft:birch_planks":1,"minecraft:oak_log":74,"minecraft:dirt":95,"minecraft:string":4,"minecraft:white_banner":3,"minecraft:wooden_sword":2,"minecraft:smooth_sandstone":1,"minecraft:iron_shovel":1,"minecraft:wheat_seeds":36,"minecraft:bucket":1,"minecraft:iron_ingot":11,"minecraft:beef":3,"minecraft:stone_pickaxe":2,"minecraft:oak_planks":555,"minecraft:furnace":2,"minecraft:stick":4,"minecraft:sandstone":3,"minecraft:oak_door":8,"minecraft:torch":32,"minecraft:porkchop":43,"minecraft:sand":65,"minecraft:ink_sac":1,"minecraft:diorite":1,"minecraft:white_bed":4,"minecraft:smooth_sandstone_slab":1,"minecraft:stone_sword":2,"minecraft:arrow":2,"minecraft:rotten_flesh":19,"minecraft:stone_axe":4,"minecraft:iron_helmet":1,"minecraft:hay_block":7,"minecraft:bread":64,"minecraft:oak_sapling":1,"minecraft:mutton":27,"minecraft:coal":23,"minecraft:wooden_axe":2,"minecraft:white_wool":21,"minecraft:cobblestone":19,"minecraft:oxeye_daisy":3}},"DataVersion":2586}