{"stats":{"minecraft:killed_by":{"minecraft:zombie":2},"minecraft:killed":{"minecraft:sheep":7,"minecraft:zombie":3,"minecraft:pig":8,"minecraft:bee":1,"minecraft:cow":1},"minecraft:custom":{"minecraft:time_since_rest":11392,"minecraft:interact_with_furnace":1,"minecraft:sprint_one_cm":102900,"minecraft:damage_taken":485,"minecraft:walk_one_cm":186157,"minecraft:mob_kills":19,"minecraft:drop":2,"minecraft:damage_dealt":2188,"minecraft:interact_with_crafting_table":6,"minecraft:fly_one_cm":34841,"minecraft:play_one_minute":53614,"minecraft:crouch_one_cm":1,"minecraft:deaths":2,"minecraft:sneak_time":14,"minecraft:jump":466,"minecraft:walk_on_water_one_cm":230,"minecraft:leave_game":4,"minecraft:time_since_death":11988,"minecraft:sleep_in_bed":2,"minecraft:fall_one_cm":9624},"minecraft:used":{"minecraft:wooden_axe":31,"minecraft:stone_sword":10,"minecraft:stone_shovel":126,"minecraft:oak_planks":152,"minecraft:wooden_pickaxe":14,"minecraft:rotten_flesh":1,"minecraft:stone_axe":161,"minecraft:oak_door":1,"minecraft:wooden_sword":19,"minecraft:crafting_table":1,"minecraft:porkchop":1},"minecraft:picked_up":{"minecraft:wooden_axe":2,"minecraft:oak_door":7,"minecraft:andesite":6,"minecraft:leather":6,"minecraft:torch":3,"minecraft:wooden_pickaxe":2,"minecraft:birch_planks":1,"minecraft:porkchop":43,"minecraft:oak_log":53,"minecraft:diorite":1,"minecraft:dirt":87,"minecraft:string":2,"minecraft:wooden_sword":2,"minecraft:iron_shovel":1,"minecraft:stone_sword":2,"minecraft:rotten_flesh":18,"minecraft:stone_axe":4,"minecraft:wheat_seeds":32,"minecraft:beef":3,"minecraft:stone_pickaxe":2,"minecraft:mutton":27,"minecraft:oak_planks":324,"minecraft:white_wool":21,"minecraft:cobblestone":17,"minecraft:oxeye_daisy":3},"minecraft:mined":{"minecraft:oak_door":1,"minecraft:birch_leaves":2,"minecraft:andesite":2,"minecraft:torch":1,"minecraft:bee_nest":1,"minecraft:grass":66,"minecraft:grass_block":89,"minecraft:oak_log":55,"minecraft:dirt":1,"minecraft:tall_grass":16,"minecraft:stone":12,"minecraft:oak_planks":59,"minecraft:wall_torch":1,"minecraft:oxeye_daisy":1,"minecraft:oak_leaves":18},"minecraft:crafted":{"minecraft:wooden_sword":1,"minecraft:oak_door":3,"minecraft:oak_planks":212,"minecraft:stone_shovel":2,"minecraft:crafting_table":1,"minecraft:stick":28,"minecraft:wooden_pickaxe":1,"minecraft:stone_pickaxe":1,"minecraft:wooden_axe":1,"minecraft:stone_sword":1,"minecraft:stone_axe":2},"minecraft:broken":{"minecraft:stone_axe":1},"minecraft:dropped":{"minecraft:stone_axe":1,"minecraft:oak_planks":1}},"DataVersion":2586}