{"stats":{"minecraft:crafted":{"minecraft:wooden_sword":1,"minecraft:oak_door":3,"minecraft:oak_planks":668,"minecraft:stone_shovel":2,"minecraft:fishing_rod":1,"minecraft:cooked_mutton":9,"minecraft:iron_boots":1,"minecraft:iron_axe":1,"minecraft:stone_pickaxe":1,"minecraft:chest":1,"minecraft:oak_fence":12,"minecraft:cooked_porkchop":18,"minecraft:crafting_table":2,"minecraft:wooden_pickaxe":1,"minecraft:birch_planks":8,"minecraft:stone_axe":7,"minecraft:air":0,"minecraft:oak_fence_gate":4,"minecraft:iron_chestplate":1,"minecraft:shield":1,"minecraft:stick":52,"minecraft:wooden_axe":1,"minecraft:stone_sword":1,"minecraft:sandstone":16,"minecraft:white_bed":1},"minecraft:mined":{"minecraft:white_bed":8,"minecraft:oak_door":4,"minecraft:grass_block":95,"minecraft:oxeye_daisy":1,"minecraft:sandstone":41,"minecraft:hay_block":7,"minecraft:furnace":2,"minecraft:andesite":2,"minecraft:stripped_oak_log":8,"minecraft:stone":14,"minecraft:oak_fence":16,"minecraft:crafting_table":2,"minecraft:torch":33,"minecraft:dead_bush":3,"minecraft:tall_grass":18,"minecraft:oak_planks":509,"minecraft:wall_torch":1,"minecraft:birch_log":1,"minecraft:birch_leaves":4,"minecraft:bee_nest":1,"minecraft:grass":87,"minecraft:oak_log":176,"minecraft:coal_ore":1,"minecraft:sunflower":2,"minecraft:sand":22,"minecraft:dirt":5,"minecraft:oak_leaves":67},"minecraft:used":{"minecraft:oak_fence":16,"minecraft:stone_sword":18,"minecraft:stone_shovel":147,"minecraft:chest":1,"minecraft:shield":19,"minecraft:rotten_flesh":15,"minecraft:oak_door":4,"minecraft:torch":1,"minecraft:dirt":4,"minecraft:wooden_axe":31,"minecraft:iron_axe":246,"minecraft:stone_pickaxe":46,"minecraft:oak_planks":798,"minecraft:wooden_pickaxe":14,"minecraft:sandstone":9,"minecraft:crafting_table":2,"minecraft:white_bed":6,"minecraft:oak_log":9,"minecraft:bread":7,"minecraft:stone_axe":719,"minecraft:fishing_rod":10,"minecraft:wooden_sword":19,"minecraft:cooked_porkchop":5,"minecraft:grindstone":1,"minecraft:white_banner":1,"minecraft:porkchop":1},"minecraft:dropped":{"minecraft:water_bucket":1,"minecraft:birch_planks":3,"minecraft:oxeye_daisy":1,"minecraft:diorite":1,"minecraft:ink_sac":1,"minecraft:smooth_sandstone_slab":1,"minecraft:white_banner":1,"minecraft:string":2,"minecraft:smooth_sandstone":1,"minecraft:white_wool":4,"minecraft:oak_door":1,"minecraft:stone_axe":1,"minecraft:oak_planks":12,"minecraft:hay_block":7,"minecraft:andesite":2,"minecraft:oak_sapling":1,"minecraft:sandstone":2,"minecraft:arrow":2,"minecraft:wooden_pickaxe":1},"minecraft:custom":{"minecraft:mob_kills":33,"minecraft:interact_with_crafting_table":19,"minecraft:leave_game":28,"minecraft:time_since_death":93153,"minecraft:sprint_one_cm":542335,"minecraft:walk_one_cm":937814,"minecraft:damage_blocked_by_shield":360,"minecraft:drop":21,"minecraft:talked_to_villager":7,"minecraft:deaths":3,"minecraft:sneak_time":1286,"minecraft:walk_under_water_one_cm":3118,"minecraft:jump":2196,"minecraft:walk_on_water_one_cm":7501,"minecraft:interact_with_furnace":17,"minecraft:play_one_minute":279913,"minecraft:interact_with_grindstone":1,"minecraft:sleep_in_bed":16,"minecraft:time_since_rest":16158,"minecraft:damage_taken":1182,"minecraft:damage_dealt":4341,"minecraft:swim_one_cm":14720,"minecraft:fly_one_cm":215442,"minecraft:open_chest":30,"minecraft:crouch_one_cm":3994,"minecraft:fish_caught":1,"minecraft:fall_one_cm":52340},"minecraft:killed":{"minecraft:bee":1,"minecraft:cat":1,"minecraft:husk":1,"minecraft:pig":8,"minecraft:iron_golem":1,"minecraft:sheep":7,"minecraft:pillager":2,"minecraft:zombie":4,"minecraft:villager":1,"minecraft:cow":6},"minecraft:killed_by":{"minecraft:zombie":3},"minecraft:broken":{"minecraft:iron_axe":1,"minecraft:stone_axe":5},"minecraft:picked_up":{"minecraft:wooden_axe":2,"minecraft:iron_chestplate":1,"minecraft:flower_pot":1,"minecraft:wooden_pickaxe":2,"minecraft:shield":1,"minecraft:string":4,"minecraft:wooden_sword":2,"minecraft:iron_leggings":1,"minecraft:iron_shovel":1,"minecraft:bucket":1,"minecraft:beef":12,"minecraft:egg":1,"minecraft:iron_boots":1,"minecraft:furnace":2,"minecraft:stick":6,"minecraft:sandstone":19,"minecraft:oak_door":8,"minecraft:oak_fence":13,"minecraft:torch":33,"minecraft:porkchop":43,"minecraft:diorite":1,"minecraft:smooth_sandstone_slab":1,"minecraft:stone_sword":2,"minecraft:arrow":2,"minecraft:rotten_flesh":22,"minecraft:stone_shovel":1,"minecraft:hay_block":7,"minecraft:mutton":27,"minecraft:white_wool":21,"minecraft:cobblestone":19,"minecraft:oxeye_daisy":3,"minecraft:stripped_oak_log":8,"minecraft:andesite":8,"minecraft:salmon":1,"minecraft:leather":11,"minecraft:filled_map":2,"minecraft:birch_planks":1,"minecraft:oak_log":169,"minecraft:dirt":112,"minecraft:white_banner":3,"minecraft:smooth_sandstone":1,"minecraft:apple":2,"minecraft:wheat_seeds":39,"minecraft:iron_ingot":11,"minecraft:stone_pickaxe":4,"minecraft:oak_planks":765,"minecraft:cooked_porkchop":16,"minecraft:sand":105,"minecraft:ink_sac":1,"minecraft:white_bed":9,"minecraft:stone_axe":5,"minecraft:iron_helmet":2,"minecraft:bread":124,"minecraft:oak_sapling":5,"minecraft:coal":23,"minecraft:sunflower":2}},"DataVersion":2586}