{"stats":{"minecraft:crafted":{"minecraft:wooden_sword":1,"minecraft:oak_door":3,"minecraft:oak_planks":248,"minecraft:stone_shovel":2,"minecraft:fishing_rod":1,"minecraft:crafting_table":1,"minecraft:wooden_pickaxe":1,"minecraft:birch_planks":8,"minecraft:stone_axe":2,"minecraft:iron_boots":1,"minecraft:iron_chestplate":1,"minecraft:shield":1,"minecraft:iron_axe":1,"minecraft:stick":28,"minecraft:stone_pickaxe":1,"minecraft:wooden_axe":1,"minecraft:chest":1,"minecraft:stone_sword":1,"minecraft:white_bed":1},"minecraft:mined":{"minecraft:oak_door":2,"minecraft:torch":1,"minecraft:grass_block":91,"minecraft:dead_bush":3,"minecraft:tall_grass":16,"minecraft:oak_planks":73,"minecraft:oxeye_daisy":1,"minecraft:sandstone":33,"minecraft:wall_torch":1,"minecraft:hay_block":7,"minecraft:andesite":2,"minecraft:birch_leaves":2,"minecraft:bee_nest":1,"minecraft:grass":66,"minecraft:oak_log":64,"minecraft:coal_ore":1,"minecraft:sand":22,"minecraft:dirt":2,"minecraft:stone":14,"minecraft:oak_leaves":29},"minecraft:used":{"minecraft:stone_sword":18,"minecraft:stone_pickaxe":36,"minecraft:stone_shovel":147,"minecraft:oak_planks":265,"minecraft:wooden_pickaxe":14,"minecraft:chest":1,"minecraft:shield":2,"minecraft:sandstone":1,"minecraft:rotten_flesh":11,"minecraft:oak_door":4,"minecraft:dirt":4,"minecraft:crafting_table":1,"minecraft:white_bed":1,"minecraft:wooden_axe":31,"minecraft:iron_axe":1,"minecraft:stone_axe":232,"minecraft:wooden_sword":19,"minecraft:fishing_rod":10,"minecraft:porkchop":1},"minecraft:dropped":{"minecraft:oak_door":1,"minecraft:water_bucket":1,"minecraft:stone_axe":1,"minecraft:oak_planks":11,"minecraft:oxeye_daisy":1,"minecraft:wooden_pickaxe":1,"minecraft:string":2},"minecraft:custom":{"minecraft:interact_with_furnace":11,"minecraft:mob_kills":23,"minecraft:interact_with_crafting_table":16,"minecraft:play_one_minute":125967,"minecraft:leave_game":19,"minecraft:time_since_death":84341,"minecraft:sleep_in_bed":5,"minecraft:time_since_rest":37607,"minecraft:sprint_one_cm":245356,"minecraft:damage_taken":618,"minecraft:walk_one_cm":482985,"minecraft:damage_blocked_by_shield":90,"minecraft:drop":8,"minecraft:damage_dealt":3150,"minecraft:talked_to_villager":5,"minecraft:fly_one_cm":101524,"minecraft:open_chest":7,"minecraft:crouch_one_cm":1166,"minecraft:deaths":2,"minecraft:sneak_time":474,"minecraft:jump":1279,"minecraft:walk_on_water_one_cm":1358,"minecraft:fish_caught":1,"minecraft:fall_one_cm":28245},"minecraft:killed":{"minecraft:cat":1,"minecraft:husk":1,"minecraft:pig":8,"minecraft:iron_golem":1,"minecraft:sheep":7,"minecraft:zombie":3,"minecraft:bee":1,"minecraft:villager":1,"minecraft:cow":1},"minecraft:killed_by":{"minecraft:zombie":2},"minecraft:broken":{"minecraft:stone_axe":1},"minecraft:picked_up":{"minecraft:andesite":6,"minecraft:salmon":1,"minecraft:leather":6,"minecraft:wooden_pickaxe":2,"minecraft:birch_planks":1,"minecraft:oak_log":62,"minecraft:dirt":95,"minecraft:string":4,"minecraft:wooden_sword":2,"minecraft:smooth_sandstone":1,"minecraft:iron_shovel":1,"minecraft:wheat_seeds":33,"minecraft:iron_ingot":11,"minecraft:beef":3,"minecraft:stone_pickaxe":2,"minecraft:oak_planks":337,"minecraft:stick":4,"minecraft:sandstone":3,"minecraft:oak_door":8,"minecraft:torch":3,"minecraft:porkchop":43,"minecraft:sand":65,"minecraft:ink_sac":1,"minecraft:diorite":1,"minecraft:smooth_sandstone_slab":1,"minecraft:stone_sword":2,"minecraft:arrow":2,"minecraft:rotten_flesh":19,"minecraft:stone_axe":4,"minecraft:iron_helmet":1,"minecraft:hay_block":7,"minecraft:bread":64,"minecraft:oak_sapling":1,"minecraft:mutton":27,"minecraft:coal":1,"minecraft:wooden_axe":2,"minecraft:white_wool":21,"minecraft:cobblestone":19,"minecraft:oxeye_daisy":3}},"DataVersion":2586}