{"stats":{"minecraft:killed_by":{"minecraft:zombie":2},"minecraft:killed":{"minecraft:sheep":7,"minecraft:zombie":3,"minecraft:pig":8,"minecraft:bee":1,"minecraft:cow":1},"minecraft:custom":{"minecraft:time_since_rest":24,"minecraft:interact_with_furnace":1,"minecraft:sprint_one_cm":77918,"minecraft:damage_taken":485,"minecraft:walk_one_cm":149739,"minecraft:mob_kills":19,"minecraft:drop":1,"minecraft:damage_dealt":2188,"minecraft:interact_with_crafting_table":5,"minecraft:fly_one_cm":30191,"minecraft:play_one_minute":41614,"minecraft:crouch_one_cm":1,"minecraft:deaths":2,"minecraft:sneak_time":14,"minecraft:jump":379,"minecraft:leave_game":4,"minecraft:time_since_death":0,"minecraft:sleep_in_bed":1,"minecraft:fall_one_cm":8579},"minecraft:used":{"minecraft:wooden_axe":31,"minecraft:stone_sword":10,"minecraft:oak_planks":102,"minecraft:wooden_pickaxe":14,"minecraft:rotten_flesh":1,"minecraft:stone_axe":145,"minecraft:oak_door":1,"minecraft:wooden_sword":19,"minecraft:crafting_table":1,"minecraft:porkchop":1},"minecraft:picked_up":{"minecraft:wooden_axe":1,"minecraft:oak_door":4,"minecraft:andesite":4,"minecraft:leather":4,"minecraft:wooden_pickaxe":1,"minecraft:porkchop":29,"minecraft:oak_log":53,"minecraft:wooden_sword":1,"minecraft:stone_sword":1,"minecraft:rotten_flesh":4,"minecraft:stone_axe":2,"minecraft:wheat_seeds":14,"minecraft:beef":3,"minecraft:stone_pickaxe":1,"minecraft:mutton":18,"minecraft:oak_planks":180,"minecraft:white_wool":14,"minecraft:cobblestone":15,"minecraft:oxeye_daisy":2},"minecraft:mined":{"minecraft:oak_door":1,"minecraft:birch_leaves":2,"minecraft:andesite":2,"minecraft:bee_nest":1,"minecraft:grass":41,"minecraft:oak_log":55,"minecraft:tall_grass":5,"minecraft:stone":12,"minecraft:oak_planks":45,"minecraft:oxeye_daisy":1,"minecraft:oak_leaves":18},"minecraft:crafted":{"minecraft:wooden_sword":1,"minecraft:oak_door":3,"minecraft:oak_planks":212,"minecraft:crafting_table":1,"minecraft:stick":12,"minecraft:wooden_pickaxe":1,"minecraft:stone_pickaxe":1,"minecraft:wooden_axe":1,"minecraft:stone_sword":1,"minecraft:stone_axe":2},"minecraft:broken":{"minecraft:stone_axe":1},"minecraft:dropped":{"minecraft:stone_axe":1}},"DataVersion":2586}