{"stats":{"minecraft:killed_by":{"minecraft:zombie":2},"minecraft:killed":{"minecraft:pig":8,"minecraft:sheep":7,"minecraft:zombie":3,"minecraft:bee":1,"minecraft:villager":1,"minecraft:cow":1},"minecraft:custom":{"minecraft:interact_with_furnace":5,"minecraft:mob_kills":21,"minecraft:interact_with_crafting_table":9,"minecraft:play_one_minute":89614,"minecraft:time_since_death":47988,"minecraft:leave_game":4,"minecraft:sleep_in_bed":5,"minecraft:time_since_rest":1254,"minecraft:sprint_one_cm":181765,"minecraft:damage_taken":515,"minecraft:walk_one_cm":346187,"minecraft:drop":3,"minecraft:damage_dealt":2489,"minecraft:talked_to_villager":5,"minecraft:fly_one_cm":67733,"minecraft:open_chest":5,"minecraft:crouch_one_cm":1166,"minecraft:deaths":2,"minecraft:sneak_time":460,"minecraft:jump":871,"minecraft:walk_on_water_one_cm":1358,"minecraft:fall_one_cm":19985},"minecraft:used":{"minecraft:stone_sword":18,"minecraft:stone_pickaxe":33,"minecraft:stone_shovel":128,"minecraft:oak_planks":265,"minecraft:chest":1,"minecraft:wooden_pickaxe":14,"minecraft:rotten_flesh":7,"minecraft:oak_door":4,"minecraft:dirt":4,"minecraft:crafting_table":1,"minecraft:white_bed":1,"minecraft:wooden_axe":31,"minecraft:stone_axe":212,"minecraft:wooden_sword":19,"minecraft:porkchop":1},"minecraft:picked_up":{"minecraft:wooden_axe":2,"minecraft:andesite":6,"minecraft:leather":6,"minecraft:wooden_pickaxe":2,"minecraft:birch_planks":1,"minecraft:oak_log":62,"minecraft:string":2,"minecraft:dirt":95,"minecraft:wooden_sword":2,"minecraft:iron_shovel":1,"minecraft:wheat_seeds":33,"minecraft:beef":3,"minecraft:stone_pickaxe":2,"minecraft:oak_planks":337,"minecraft:stick":1,"minecraft:sandstone":3,"minecraft:oak_door":8,"minecraft:torch":3,"minecraft:sand":2,"minecraft:porkchop":43,"minecraft:diorite":1,"minecraft:smooth_sandstone_slab":1,"minecraft:stone_sword":2,"minecraft:rotten_flesh":18,"minecraft:stone_axe":4,"minecraft:iron_helmet":1,"minecraft:hay_block":7,"minecraft:oak_sapling":1,"minecraft:mutton":27,"minecraft:white_wool":21,"minecraft:cobblestone":17,"minecraft:oxeye_daisy":3},"minecraft:mined":{"minecraft:oak_door":2,"minecraft:torch":1,"minecraft:grass_block":91,"minecraft:dead_bush":2,"minecraft:tall_grass":16,"minecraft:oak_planks":73,"minecraft:oxeye_daisy":1,"minecraft:sandstone":33,"minecraft:wall_torch":1,"minecraft:hay_block":7,"minecraft:andesite":2,"minecraft:birch_leaves":2,"minecraft:bee_nest":1,"minecraft:grass":66,"minecraft:oak_log":64,"minecraft:sand":2,"minecraft:dirt":2,"minecraft:stone":12,"minecraft:oak_leaves":29},"minecraft:crafted":{"minecraft:wooden_sword":1,"minecraft:oak_door":3,"minecraft:oak_planks":248,"minecraft:stone_shovel":2,"minecraft:crafting_table":1,"minecraft:wooden_pickaxe":1,"minecraft:stone_axe":2,"minecraft:stick":28,"minecraft:stone_pickaxe":1,"minecraft:wooden_axe":1,"minecraft:stone_sword":1,"minecraft:chest":1,"minecraft:white_bed":1},"minecraft:broken":{"minecraft:stone_axe":1},"minecraft:dropped":{"minecraft:stone_axe":1,"minecraft:oak_planks":11}},"DataVersion":2586}