{"stats":{"minecraft:killed":{"minecraft:zombie":1,"minecraft:pig":1,"minecraft:bee":1,"minecraft:cow":1},"minecraft:custom":{"minecraft:time_since_rest":7503,"minecraft:interact_with_furnace":1,"minecraft:sprint_one_cm":77359,"minecraft:damage_taken":185,"minecraft:walk_one_cm":79521,"minecraft:mob_kills":3,"minecraft:drop":1,"minecraft:damage_dealt":528,"minecraft:interact_with_crafting_table":5,"minecraft:fly_one_cm":29310,"minecraft:play_one_minute":29614,"minecraft:crouch_one_cm":1,"minecraft:sneak_time":14,"minecraft:jump":281,"minecraft:leave_game":4,"minecraft:time_since_death":29614,"minecraft:sleep_in_bed":1,"minecraft:fall_one_cm":8161},"minecraft:used":{"minecraft:wooden_axe":31,"minecraft:oak_planks":62,"minecraft:wooden_pickaxe":14,"minecraft:rotten_flesh":1,"minecraft:oak_door":1,"minecraft:wooden_sword":19,"minecraft:crafting_table":1,"minecraft:porkchop":1},"minecraft:picked_up":{"minecraft:andesite":2,"minecraft:leather":2,"minecraft:porkchop":1,"minecraft:oak_log":20,"minecraft:rotten_flesh":1,"minecraft:stone_axe":1,"minecraft:wheat_seeds":3,"minecraft:beef":3,"minecraft:oak_planks":6,"minecraft:cobblestone":13,"minecraft:oxeye_daisy":1},"minecraft:mined":{"minecraft:andesite":2,"minecraft:bee_nest":1,"minecraft:grass":26,"minecraft:oak_log":22,"minecraft:tall_grass":1,"minecraft:stone":12,"minecraft:oak_planks":8,"minecraft:oxeye_daisy":1,"minecraft:oak_leaves":8},"minecraft:crafted":{"minecraft:wooden_sword":1,"minecraft:oak_door":3,"minecraft:oak_planks":80,"minecraft:crafting_table":1,"minecraft:stick":12,"minecraft:wooden_pickaxe":1,"minecraft:stone_pickaxe":1,"minecraft:wooden_axe":1,"minecraft:stone_sword":1,"minecraft:stone_axe":2},"minecraft:dropped":{"minecraft:stone_axe":1}},"DataVersion":2586}