{"stats":{"minecraft:killed_by":{"minecraft:zombie":2},"minecraft:custom":{"minecraft:interact_with_furnace":5,"minecraft:mob_kills":22,"minecraft:interact_with_crafting_table":15,"minecraft:play_one_minute":101614,"minecraft:time_since_death":59988,"minecraft:leave_game":4,"minecraft:sleep_in_bed":5,"minecraft:time_since_rest":13254,"minecraft:sprint_one_cm":216535,"minecraft:damage_taken":535,"minecraft:walk_one_cm":396433,"minecraft:drop":8,"minecraft:damage_dealt":2759,"minecraft:talked_to_villager":5,"minecraft:fly_one_cm":81935,"minecraft:open_chest":6,"minecraft:crouch_one_cm":1166,"minecraft:deaths":2,"minecraft:sneak_time":460,"minecraft:jump":1023,"minecraft:walk_on_water_one_cm":1358,"minecraft:fish_caught":1,"minecraft:fall_one_cm":23075},"minecraft:killed":{"minecraft:cat":1,"minecraft:pig":8,"minecraft:iron_golem":1,"minecraft:sheep":7,"minecraft:zombie":3,"minecraft:bee":1,"minecraft:villager":1,"minecraft:cow":1},"minecraft:used":{"minecraft:stone_sword":18,"minecraft:stone_pickaxe":33,"minecraft:stone_shovel":128,"minecraft:oak_planks":265,"minecraft:chest":1,"minecraft:wooden_pickaxe":14,"minecraft:sandstone":1,"minecraft:rotten_flesh":8,"minecraft:oak_door":4,"minecraft:dirt":4,"minecraft:crafting_table":1,"minecraft:white_bed":1,"minecraft:wooden_axe":31,"minecraft:stone_axe":217,"minecraft:fishing_rod":7,"minecraft:wooden_sword":19,"minecraft:porkchop":1},"minecraft:picked_up":{"minecraft:wooden_axe":2,"minecraft:salmon":1,"minecraft:andesite":6,"minecraft:leather":6,"minecraft:wooden_pickaxe":2,"minecraft:birch_planks":1,"minecraft:oak_log":62,"minecraft:string":4,"minecraft:dirt":95,"minecraft:wooden_sword":2,"minecraft:smooth_sandstone":1,"minecraft:iron_shovel":1,"minecraft:wheat_seeds":33,"minecraft:iron_ingot":11,"minecraft:beef":3,"minecraft:stone_pickaxe":2,"minecraft:oak_planks":337,"minecraft:stick":1,"minecraft:sandstone":3,"minecraft:oak_door":8,"minecraft:torch":3,"minecraft:sand":2,"minecraft:porkchop":43,"minecraft:ink_sac":1,"minecraft:diorite":1,"minecraft:smooth_sandstone_slab":1,"minecraft:stone_sword":2,"minecraft:rotten_flesh":18,"minecraft:stone_axe":4,"minecraft:iron_helmet":1,"minecraft:hay_block":7,"minecraft:bread":64,"minecraft:oak_sapling":1,"minecraft:mutton":27,"minecraft:white_wool":21,"minecraft:cobblestone":17,"minecraft:oxeye_daisy":3},"minecraft:mined":{"minecraft:oak_door":2,"minecraft:torch":1,"minecraft:grass_block":91,"minecraft:dead_bush":2,"minecraft:tall_grass":16,"minecraft:oak_planks":73,"minecraft:oxeye_daisy":1,"minecraft:sandstone":33,"minecraft:wall_torch":1,"minecraft:hay_block":7,"minecraft:andesite":2,"minecraft:birch_leaves":2,"minecraft:bee_nest":1,"minecraft:grass":66,"minecraft:oak_log":64,"minecraft:sand":2,"minecraft:dirt":2,"minecraft:stone":12,"minecraft:oak_leaves":29},"minecraft:crafted":{"minecraft:wooden_sword":1,"minecraft:oak_door":3,"minecraft:oak_planks":248,"minecraft:stone_shovel":2,"minecraft:fishing_rod":1,"minecraft:crafting_table":1,"minecraft:wooden_pickaxe":1,"minecraft:birch_planks":8,"minecraft:stone_axe":2,"minecraft:iron_boots":1,"minecraft:iron_chestplate":1,"minecraft:shield":1,"minecraft:stick":28,"minecraft:stone_pickaxe":1,"minecraft:wooden_axe":1,"minecraft:stone_sword":1,"minecraft:chest":1,"minecraft:white_bed":1},"minecraft:broken":{"minecraft:stone_axe":1},"minecraft:dropped":{"minecraft:water_bucket":1,"minecraft:stone_axe":1,"minecraft:oak_planks":11,"minecraft:oxeye_daisy":1,"minecraft:wooden_pickaxe":1,"minecraft:string":2,"minecraft:oak_door":1}},"DataVersion":2586}