{"stats":{"minecraft:killed_by":{"minecraft:zombie":1},"minecraft:killed":{"minecraft:sheep":8,"minecraft:pig":4,"minecraft:chicken":2},"minecraft:custom":{"minecraft:time_since_rest":11136,"minecraft:sprint_one_cm":63923,"minecraft:damage_taken":200,"minecraft:walk_one_cm":55474,"minecraft:mob_kills":14,"minecraft:drop":1,"minecraft:damage_dealt":1120,"minecraft:interact_with_crafting_table":1,"minecraft:fly_one_cm":92702,"minecraft:play_one_minute":19793,"minecraft:deaths":1,"minecraft:sneak_time":10,"minecraft:jump":486,"minecraft:leave_game":4,"minecraft:walk_on_water_one_cm":448,"minecraft:time_since_death":10663,"minecraft:fall_one_cm":9908},"minecraft:used":{"minecraft:wooden_axe":8,"minecraft:dirt":3,"minecraft:sand":1,"minecraft:crafting_table":1},"minecraft:picked_up":{"minecraft:crafting_table":1,"minecraft:feather":1,"minecraft:chicken":2,"minecraft:porkchop":9,"minecraft:sand":1,"minecraft:oak_log":9,"minecraft:dirt":3,"minecraft:wheat_seeds":1,"minecraft:black_wool":1,"minecraft:mutton":11,"minecraft:white_wool":7},"minecraft:mined":{"minecraft:crafting_table":1,"minecraft:grass":16,"minecraft:grass_block":3,"minecraft:oak_log":9,"minecraft:sand":1,"minecraft:tall_grass":4,"minecraft:oak_leaves":3},"minecraft:crafted":{"minecraft:wooden_sword":1,"minecraft:oak_planks":36,"minecraft:crafting_table":1,"minecraft:stick":8,"minecraft:wooden_pickaxe":1,"minecraft:wooden_axe":1},"minecraft:dropped":{"minecraft:wheat_seeds":1}},"DataVersion":2586}