{"stats":{"minecraft:killed":{"minecraft:witch":1,"minecraft:spider":6,"minecraft:skeleton":13,"minecraft:bee":1,"minecraft:chicken":4,"minecraft:husk":5,"minecraft:pig":18,"minecraft:rabbit":18,"minecraft:creeper":3,"minecraft:sheep":17,"minecraft:zombie":25,"minecraft:enderman":3,"minecraft:cow":3},"minecraft:killed_by":{"minecraft:skeleton":1,"minecraft:zombie":1,"minecraft:endermite":1},"minecraft:dropped":{"minecraft:iron_ingot":8,"minecraft:wheat_seeds":4,"minecraft:oak_log":33,"minecraft:acacia_log":148,"minecraft:grass_block":2,"minecraft:dirt":1,"minecraft:cornflower":1,"minecraft:string":2,"minecraft:bone":9,"minecraft:obsidian":6,"minecraft:rotten_flesh":10,"minecraft:iron_hoe":1,"minecraft:rabbit_foot":2,"minecraft:oak_sapling":1,"minecraft:acacia_sapling":7,"minecraft:sandstone":87,"minecraft:iron_ore":36,"minecraft:basalt":1},"minecraft:crafted":{"minecraft:golden_carrot":60,"minecraft:wooden_sword":1,"minecraft:oak_planks":948,"minecraft:stone_shovel":1,"minecraft:furnace":4,"minecraft:cooked_mutton":11,"minecraft:iron_boots":1,"minecraft:iron_axe":3,"minecraft:stone_pickaxe":6,"minecraft:chest":1,"minecraft:cooked_beef":8,"minecraft:oak_slab":84,"minecraft:emerald":64,"minecraft:cooked_porkchop":21,"minecraft:crafting_table":4,"minecraft:wooden_pickaxe":1,"minecraft:iron_helmet":2,"minecraft:iron_sword":2,"minecraft:bucket":1,"minecraft:stone_axe":1,"minecraft:air":0,"minecraft:iron_chestplate":1,"minecraft:shield":1,"minecraft:stick":2437,"minecraft:iron_ingot":254,"minecraft:iron_pickaxe":4,"minecraft:wooden_axe":1,"minecraft:stone_sword":2,"minecraft:iron_shovel":1,"minecraft:iron_leggings":1,"minecraft:gold_ingot":10,"minecraft:white_bed":1,"minecraft:pumpkin_pie":16,"minecraft:acacia_planks":436,"minecraft:torch":344},"minecraft:broken":{"minecraft:stone_pickaxe":4,"minecraft:iron_axe":2,"minecraft:iron_pickaxe":1,"minecraft:wooden_axe":1},"minecraft:custom":{"minecraft:interact_with_smithing_table":1,"minecraft:mob_kills":122,"minecraft:interact_with_crafting_table":36,"minecraft:bell_ring":7,"minecraft:leave_game":14,"minecraft:time_since_death":166451,"minecraft:climb_one_cm":8005,"minecraft:sprint_one_cm":944467,"minecraft:walk_one_cm":793915,"minecraft:damage_blocked_by_shield":655,"minecraft:drop":41,"minecraft:talked_to_villager":51,"minecraft:deaths":5,"minecraft:sneak_time":1184,"minecraft:walk_under_water_one_cm":11723,"minecraft:jump":6910,"minecraft:interact_with_blast_furnace":7,"minecraft:walk_on_water_one_cm":43603,"minecraft:interact_with_furnace":67,"minecraft:traded_with_villager":88,"minecraft:play_one_minute":346881,"minecraft:interact_with_grindstone":1,"minecraft:interact_with_stonecutter":1,"minecraft:sleep_in_bed":7,"minecraft:time_since_rest":111517,"minecraft:damage_taken":4411,"minecraft:damage_dealt":17531,"minecraft:swim_one_cm":18663,"minecraft:fly_one_cm":1589840,"minecraft:open_chest":101,"minecraft:crouch_one_cm":3372,"minecraft:fall_one_cm":122139},"minecraft:mined":{"minecraft:oak_sapling":30,"minecraft:potted_cactus":1,"minecraft:obsidian":3,"minecraft:acacia_log":267,"minecraft:grass_block":35,"minecraft:sandstone":49,"minecraft:furnace":1,"minecraft:iron_ore":312,"minecraft:andesite":3,"minecraft:stone":215,"minecraft:oak_slab":40,"minecraft:acacia_leaves":29,"minecraft:basalt":44,"minecraft:oak_fence":31,"minecraft:crafting_table":8,"minecraft:dead_bush":1,"minecraft:cobblestone":4,"minecraft:tall_grass":18,"minecraft:oak_planks":2,"minecraft:diorite":6,"minecraft:wall_torch":1,"minecraft:grass":48,"minecraft:oak_log":267,"minecraft:coal_ore":431,"minecraft:sunflower":2,"minecraft:gravel":12,"minecraft:sand":9,"minecraft:dirt":4,"minecraft:gold_ore":10,"minecraft:oak_leaves":129},"minecraft:used":{"minecraft:oak_fence":6,"minecraft:stone_sword":96,"minecraft:iron_shovel":46,"minecraft:stone_shovel":11,"minecraft:chest":1,"minecraft:shield":14,"minecraft:iron_sword":112,"minecraft:torch":230,"minecraft:dirt":72,"minecraft:wooden_axe":38,"minecraft:lava_bucket":2,"minecraft:iron_axe":449,"minecraft:basalt":3,"minecraft:golden_carrot":3,"minecraft:oak_sapling":63,"minecraft:furnace":5,"minecraft:cooked_mutton":10,"minecraft:stone_pickaxe":526,"minecraft:oak_planks":45,"minecraft:cactus":1,"minecraft:ender_pearl":2,"minecraft:wooden_pickaxe":16,"minecraft:diamond_axe":367,"minecraft:sand":1,"minecraft:oak_slab":111,"minecraft:crafting_table":10,"minecraft:white_bed":1,"minecraft:diamond_pickaxe":3,"minecraft:apple":1,"minecraft:iron_pickaxe":541,"minecraft:stone_axe":7,"minecraft:wooden_sword":28,"minecraft:cobblestone":97,"minecraft:porkchop":10,"minecraft:cooked_porkchop":19,"minecraft:bucket":3,"minecraft:pumpkin_pie":49},"minecraft:picked_up":{"minecraft:crafting_table":10,"minecraft:iron_chestplate":2,"minecraft:chicken":4,"minecraft:cornflower":1,"minecraft:string":3,"minecraft:iron_axe":2,"minecraft:iron_leggings":2,"minecraft:beef":8,"minecraft:poppy":6,"minecraft:iron_pickaxe":2,"minecraft:iron_boots":3,"minecraft:furnace":3,"minecraft:tipped_arrow":13,"minecraft:stick":38,"minecraft:sandstone":263,"minecraft:oak_fence":30,"minecraft:torch":112,"minecraft:acacia_log":257,"minecraft:porkchop":36,"minecraft:diorite":19,"minecraft:rabbit_foot":2,"minecraft:arrow":23,"minecraft:stone_sword":2,"minecraft:cactus":1,"minecraft:rotten_flesh":38,"minecraft:pumpkin_pie":78,"minecraft:obsidian":6,"minecraft:mutton":25,"minecraft:rail":2,"minecraft:white_wool":14,"minecraft:cobblestone":508,"minecraft:feather":4,"minecraft:basalt":39,"minecraft:andesite":6,"minecraft:brown_wool":2,"minecraft:leather":4,"minecraft:flint":2,"minecraft:oak_log":270,"minecraft:gunpowder":6,"minecraft:dirt":73,"minecraft:bone":29,"minecraft:acacia_planks":126,"minecraft:apple":7,"minecraft:bow":4,"minecraft:wheat_seeds":11,"minecraft:rabbit_hide":13,"minecraft:iron_ingot":11,"minecraft:iron_ore":566,"minecraft:rabbit":5,"minecraft:acacia_sapling":7,"minecraft:iron_sword":2,"minecraft:oak_planks":4,"minecraft:oak_slab":42,"minecraft:gravel":23,"minecraft:lava_bucket":1,"minecraft:sand":4,"minecraft:grass_block":2,"minecraft:gold_ore":22,"minecraft:spider_eye":1,"minecraft:diamond":3,"minecraft:iron_helmet":2,"minecraft:granite":6,"minecraft:diamond_axe":1,"minecraft:bread":2,"minecraft:oak_sapling":89,"minecraft:black_wool":1,"minecraft:coal":847,"minecraft:ender_pearl":3,"minecraft:sunflower":2,"minecraft:diamond_pickaxe":1}},"DataVersion":2586}