{"stats":{"minecraft:broken":{"minecraft:wooden_axe":1},"minecraft:custom":{"minecraft:interact_with_furnace":5,"minecraft:mob_kills":50,"minecraft:interact_with_crafting_table":6,"minecraft:play_one_minute":75190,"minecraft:bell_ring":5,"minecraft:leave_game":10,"minecraft:time_since_death":25248,"minecraft:sleep_in_bed":2,"minecraft:time_since_rest":9098,"minecraft:sprint_one_cm":204559,"minecraft:damage_taken":990,"minecraft:walk_one_cm":182410,"minecraft:drop":7,"minecraft:damage_dealt":5180,"minecraft:swim_one_cm":3123,"minecraft:talked_to_villager":1,"minecraft:fly_one_cm":350808,"minecraft:open_chest":18,"minecraft:crouch_one_cm":1522,"minecraft:deaths":2,"minecraft:sneak_time":271,"minecraft:walk_under_water_one_cm":2036,"minecraft:jump":1582,"minecraft:interact_with_blast_furnace":1,"minecraft:walk_on_water_one_cm":9033,"minecraft:fall_one_cm":33972},"minecraft:killed":{"minecraft:husk":1,"minecraft:pig":17,"minecraft:sheep":16,"minecraft:zombie":7,"minecraft:bee":1,"minecraft:chicken":4,"minecraft:cow":3},"minecraft:picked_up":{"minecraft:crafting_table":1,"minecraft:feather":4,"minecraft:chicken":4,"minecraft:leather":4,"minecraft:brown_wool":2,"minecraft:oak_log":18,"minecraft:dirt":10,"minecraft:wheat_seeds":4,"minecraft:beef":8,"minecraft:iron_ore":3,"minecraft:oak_planks":3,"minecraft:acacia_log":9,"minecraft:sand":1,"minecraft:porkchop":35,"minecraft:arrow":2,"minecraft:rotten_flesh":11,"minecraft:cactus":1,"minecraft:black_wool":1,"minecraft:mutton":23,"minecraft:coal":49,"minecraft:white_wool":13,"minecraft:cobblestone":42,"minecraft:sunflower":1},"minecraft:used":{"minecraft:cooked_mutton":2,"minecraft:stone_sword":42,"minecraft:stone_shovel":8,"minecraft:stone_pickaxe":85,"minecraft:oak_planks":18,"minecraft:cactus":1,"minecraft:wooden_pickaxe":16,"minecraft:torch":2,"minecraft:dirt":8,"minecraft:sand":1,"minecraft:crafting_table":1,"minecraft:white_bed":1,"minecraft:wooden_axe":38,"minecraft:stone_axe":7,"minecraft:wooden_sword":28,"minecraft:cobblestone":12,"minecraft:cooked_porkchop":5,"minecraft:porkchop":10},"minecraft:dropped":{"minecraft:wheat_seeds":1,"minecraft:rotten_flesh":6},"minecraft:mined":{"minecraft:acacia_leaves":2,"minecraft:potted_cactus":1,"minecraft:crafting_table":1,"minecraft:acacia_log":9,"minecraft:grass_block":8,"minecraft:tall_grass":7,"minecraft:oak_planks":1,"minecraft:iron_ore":3,"minecraft:grass":26,"minecraft:oak_log":18,"minecraft:coal_ore":49,"minecraft:sunflower":1,"minecraft:sand":1,"minecraft:dirt":2,"minecraft:stone":48,"minecraft:oak_leaves":6},"minecraft:killed_by":{"minecraft:zombie":1},"minecraft:crafted":{"minecraft:wooden_sword":1,"minecraft:oak_planks":72,"minecraft:stone_shovel":1,"minecraft:cooked_porkchop":7,"minecraft:crafting_table":1,"minecraft:wooden_pickaxe":1,"minecraft:stone_axe":1,"minecraft:stick":28,"minecraft:stone_pickaxe":3,"minecraft:wooden_axe":1,"minecraft:stone_sword":2,"minecraft:white_bed":1,"minecraft:acacia_planks":36,"minecraft:torch":44}},"DataVersion":2586}