{"stats":{"minecraft:killed":{"minecraft:witch":1,"minecraft:spider":7,"minecraft:skeleton":16,"minecraft:bee":1,"minecraft:chicken":4,"minecraft:husk":5,"minecraft:pig":18,"minecraft:rabbit":18,"minecraft:creeper":3,"minecraft:sheep":17,"minecraft:zombie":25,"minecraft:enderman":3,"minecraft:cow":3},"minecraft:killed_by":{"minecraft:skeleton":2,"minecraft:zombie":1,"minecraft:endermite":1},"minecraft:dropped":{"minecraft:iron_ingot":8,"minecraft:wheat_seeds":4,"minecraft:oak_log":33,"minecraft:granite":1,"minecraft:acacia_log":148,"minecraft:grass_block":2,"minecraft:dirt":1,"minecraft:cornflower":1,"minecraft:string":4,"minecraft:bone":15,"minecraft:obsidian":6,"minecraft:rotten_flesh":10,"minecraft:iron_hoe":1,"minecraft:rabbit_foot":2,"minecraft:oak_sapling":1,"minecraft:acacia_sapling":7,"minecraft:spider_eye":1,"minecraft:sandstone":87,"minecraft:iron_ore":36,"minecraft:basalt":1},"minecraft:crafted":{"minecraft:golden_carrot":60,"minecraft:wooden_sword":1,"minecraft:oak_planks":948,"minecraft:stone_shovel":1,"minecraft:furnace":4,"minecraft:cooked_mutton":11,"minecraft:iron_boots":1,"minecraft:iron_axe":3,"minecraft:stone_pickaxe":6,"minecraft:chest":1,"minecraft:cooked_beef":8,"minecraft:oak_slab":84,"minecraft:emerald":73,"minecraft:cooked_porkchop":21,"minecraft:crafting_table":4,"minecraft:wooden_pickaxe":1,"minecraft:iron_helmet":2,"minecraft:iron_sword":2,"minecraft:bucket":1,"minecraft:stone_axe":1,"minecraft:air":0,"minecraft:iron_chestplate":1,"minecraft:shield":1,"minecraft:stick":2437,"minecraft:iron_ingot":254,"minecraft:iron_pickaxe":4,"minecraft:wooden_axe":1,"minecraft:stone_sword":2,"minecraft:iron_shovel":1,"minecraft:iron_leggings":1,"minecraft:gold_ingot":10,"minecraft:white_bed":1,"minecraft:pumpkin_pie":16,"minecraft:acacia_planks":436,"minecraft:torch":344},"minecraft:broken":{"minecraft:stone_pickaxe":4,"minecraft:iron_axe":2,"minecraft:iron_pickaxe":2,"minecraft:iron_helmet":1,"minecraft:wooden_axe":1},"minecraft:custom":{"minecraft:interact_with_smithing_table":1,"minecraft:mob_kills":127,"minecraft:interact_with_crafting_table":36,"minecraft:bell_ring":7,"minecraft:leave_game":15,"minecraft:time_since_death":11088,"minecraft:climb_one_cm":8005,"minecraft:sprint_one_cm":971840,"minecraft:walk_one_cm":829239,"minecraft:damage_blocked_by_shield":1475,"minecraft:drop":47,"minecraft:talked_to_villager":54,"minecraft:deaths":6,"minecraft:sneak_time":1184,"minecraft:walk_under_water_one_cm":11905,"minecraft:jump":7084,"minecraft:interact_with_blast_furnace":7,"minecraft:walk_on_water_one_cm":47847,"minecraft:interact_with_furnace":70,"minecraft:traded_with_villager":97,"minecraft:play_one_minute":364526,"minecraft:interact_with_grindstone":1,"minecraft:interact_with_stonecutter":1,"minecraft:sleep_in_bed":7,"minecraft:time_since_rest":11162,"minecraft:damage_taken":4843,"minecraft:damage_dealt":18491,"minecraft:swim_one_cm":18663,"minecraft:fly_one_cm":1620787,"minecraft:open_chest":102,"minecraft:crouch_one_cm":3372,"minecraft:fall_one_cm":123733},"minecraft:mined":{"minecraft:oak_sapling":30,"minecraft:potted_cactus":1,"minecraft:obsidian":3,"minecraft:granite":1,"minecraft:acacia_log":267,"minecraft:grass_block":35,"minecraft:sandstone":49,"minecraft:furnace":1,"minecraft:iron_ore":349,"minecraft:andesite":3,"minecraft:stone":235,"minecraft:oak_slab":40,"minecraft:acacia_leaves":29,"minecraft:basalt":44,"minecraft:oak_fence":31,"minecraft:crafting_table":8,"minecraft:torch":1,"minecraft:dead_bush":1,"minecraft:cobblestone":4,"minecraft:tall_grass":18,"minecraft:oak_planks":2,"minecraft:diorite":6,"minecraft:wall_torch":1,"minecraft:grass":48,"minecraft:oak_log":312,"minecraft:coal_ore":436,"minecraft:sunflower":2,"minecraft:gravel":12,"minecraft:sand":9,"minecraft:dirt":4,"minecraft:gold_ore":25,"minecraft:oak_leaves":137},"minecraft:used":{"minecraft:oak_fence":6,"minecraft:stone_sword":96,"minecraft:iron_shovel":46,"minecraft:stone_shovel":11,"minecraft:chest":1,"minecraft:shield":35,"minecraft:iron_sword":115,"minecraft:torch":257,"minecraft:dirt":72,"minecraft:wooden_axe":38,"minecraft:lava_bucket":2,"minecraft:iron_axe":449,"minecraft:basalt":3,"minecraft:golden_carrot":4,"minecraft:oak_sapling":63,"minecraft:furnace":5,"minecraft:cooked_mutton":10,"minecraft:water_bucket":2,"minecraft:stone_pickaxe":526,"minecraft:oak_planks":45,"minecraft:cactus":1,"minecraft:ender_pearl":2,"minecraft:wooden_pickaxe":16,"minecraft:diamond_axe":429,"minecraft:sand":1,"minecraft:oak_slab":111,"minecraft:crafting_table":10,"minecraft:white_bed":1,"minecraft:diamond_pickaxe":3,"minecraft:apple":1,"minecraft:iron_pickaxe":619,"minecraft:stone_axe":7,"minecraft:wooden_sword":28,"minecraft:cobblestone":110,"minecraft:porkchop":10,"minecraft:cooked_porkchop":19,"minecraft:bucket":5,"minecraft:pumpkin_pie":51},"minecraft:picked_up":{"minecraft:crafting_table":10,"minecraft:iron_chestplate":3,"minecraft:chicken":4,"minecraft:shield":1,"minecraft:cornflower":1,"minecraft:string":7,"minecraft:iron_axe":2,"minecraft:iron_leggings":3,"minecraft:iron_shovel":1,"minecraft:beef":8,"minecraft:poppy":6,"minecraft:iron_pickaxe":3,"minecraft:iron_boots":4,"minecraft:furnace":3,"minecraft:tipped_arrow":26,"minecraft:stick":38,"minecraft:sandstone":263,"minecraft:oak_fence":30,"minecraft:torch":136,"minecraft:acacia_log":257,"minecraft:porkchop":36,"minecraft:diorite":22,"minecraft:rabbit_foot":2,"minecraft:arrow":31,"minecraft:stone_sword":2,"minecraft:cactus":1,"minecraft:rotten_flesh":38,"minecraft:pumpkin_pie":82,"minecraft:gold_ingot":10,"minecraft:obsidian":6,"minecraft:mutton":27,"minecraft:rail":2,"minecraft:white_wool":15,"minecraft:cobblestone":583,"minecraft:feather":4,"minecraft:basalt":39,"minecraft:golden_carrot":56,"minecraft:water_bucket":1,"minecraft:andesite":6,"minecraft:brown_wool":2,"minecraft:leather":4,"minecraft:flint":2,"minecraft:oak_log":314,"minecraft:gunpowder":6,"minecraft:dirt":73,"minecraft:bone":36,"minecraft:acacia_planks":126,"minecraft:apple":13,"minecraft:bow":5,"minecraft:wheat_seeds":11,"minecraft:rabbit_hide":18,"minecraft:iron_ingot":203,"minecraft:iron_ore":650,"minecraft:rabbit":7,"minecraft:acacia_sapling":7,"minecraft:iron_sword":3,"minecraft:oak_planks":4,"minecraft:oak_slab":42,"minecraft:gravel":23,"minecraft:lava_bucket":2,"minecraft:sand":4,"minecraft:grass_block":2,"minecraft:gold_ore":52,"minecraft:spider_eye":3,"minecraft:diamond":6,"minecraft:iron_helmet":2,"minecraft:granite":8,"minecraft:diamond_axe":2,"minecraft:bread":2,"minecraft:oak_sapling":89,"minecraft:black_wool":1,"minecraft:coal":962,"minecraft:ender_pearl":4,"minecraft:sunflower":2,"minecraft:diamond_pickaxe":2}},"DataVersion":2586}