{"stats":{"minecraft:killed_by":{"minecraft:zombie":1},"minecraft:killed":{"minecraft:sheep":12,"minecraft:pig":10,"minecraft:bee":1,"minecraft:chicken":2},"minecraft:custom":{"minecraft:time_since_rest":3247,"minecraft:sprint_one_cm":88106,"minecraft:damage_taken":270,"minecraft:walk_one_cm":88592,"minecraft:mob_kills":26,"minecraft:drop":1,"minecraft:damage_dealt":2202,"minecraft:interact_with_crafting_table":2,"minecraft:fly_one_cm":143329,"minecraft:crouch_one_cm":478,"minecraft:play_one_minute":31830,"minecraft:deaths":1,"minecraft:sneak_time":93,"minecraft:jump":696,"minecraft:leave_game":6,"minecraft:walk_on_water_one_cm":448,"minecraft:time_since_death":22700,"minecraft:sleep_in_bed":1,"minecraft:fall_one_cm":14146},"minecraft:used":{"minecraft:wooden_axe":30,"minecraft:oak_planks":18,"minecraft:wooden_sword":6,"minecraft:dirt":3,"minecraft:sand":1,"minecraft:crafting_table":1,"minecraft:porkchop":5,"minecraft:white_bed":1},"minecraft:picked_up":{"minecraft:crafting_table":1,"minecraft:feather":1,"minecraft:chicken":2,"minecraft:brown_wool":1,"minecraft:sand":1,"minecraft:porkchop":21,"minecraft:oak_log":9,"minecraft:dirt":3,"minecraft:wheat_seeds":2,"minecraft:black_wool":1,"minecraft:mutton":17,"minecraft:oak_planks":1,"minecraft:white_wool":10},"minecraft:mined":{"minecraft:crafting_table":1,"minecraft:grass":20,"minecraft:grass_block":3,"minecraft:oak_log":9,"minecraft:sand":1,"minecraft:tall_grass":5,"minecraft:oak_planks":1,"minecraft:oak_leaves":3},"minecraft:crafted":{"minecraft:wooden_sword":1,"minecraft:oak_planks":36,"minecraft:crafting_table":1,"minecraft:stick":8,"minecraft:wooden_pickaxe":1,"minecraft:wooden_axe":1,"minecraft:white_bed":1},"minecraft:dropped":{"minecraft:wheat_seeds":1}},"DataVersion":2586}