{"stats":{"minecraft:broken":{"minecraft:shears":11,"minecraft:stone_pickaxe":4,"minecraft:iron_axe":2,"minecraft:iron_pickaxe":2,"minecraft:iron_helmet":1,"minecraft:wooden_axe":1},"minecraft:custom":{"minecraft:interact_with_smithing_table":1,"minecraft:mob_kills":142,"minecraft:interact_with_crafting_table":42,"minecraft:open_barrel":3,"minecraft:bell_ring":7,"minecraft:leave_game":23,"minecraft:time_since_death":156719,"minecraft:climb_one_cm":9940,"minecraft:sprint_one_cm":1297696,"minecraft:walk_one_cm":1226097,"minecraft:damage_blocked_by_shield":2105,"minecraft:drop":76,"minecraft:talked_to_villager":122,"minecraft:deaths":6,"minecraft:sneak_time":1460,"minecraft:walk_under_water_one_cm":21256,"minecraft:jump":8742,"minecraft:interact_with_blast_furnace":7,"minecraft:walk_on_water_one_cm":50474,"minecraft:interact_with_furnace":71,"minecraft:traded_with_villager":267,"minecraft:play_one_minute":510157,"minecraft:interact_with_stonecutter":1,"minecraft:interact_with_grindstone":1,"minecraft:sleep_in_bed":8,"minecraft:time_since_rest":73428,"minecraft:damage_taken":6562,"minecraft:damage_dealt":21625,"minecraft:swim_one_cm":26636,"minecraft:fly_one_cm":1992603,"minecraft:open_chest":172,"minecraft:crouch_one_cm":3836,"minecraft:fall_one_cm":144746,"minecraft:horse_one_cm":7432},"minecraft:killed":{"minecraft:witch":1,"minecraft:spider":8,"minecraft:skeleton":17,"minecraft:bee":1,"minecraft:chicken":4,"minecraft:husk":7,"minecraft:pig":18,"minecraft:rabbit":18,"minecraft:creeper":3,"minecraft:sheep":17,"minecraft:zombie":34,"minecraft:enderman":3,"minecraft:cow":3},"minecraft:picked_up":{"minecraft:crafting_table":10,"minecraft:iron_chestplate":3,"minecraft:azure_bluet":10,"minecraft:chicken":4,"minecraft:leather_leggings":1,"minecraft:shield":1,"minecraft:cornflower":1,"minecraft:string":8,"minecraft:iron_axe":2,"minecraft:iron_leggings":3,"minecraft:iron_shovel":3,"minecraft:diamond_leggings":1,"minecraft:beef":8,"minecraft:poppy":17,"minecraft:iron_pickaxe":3,"minecraft:chest":1,"minecraft:piston":5,"minecraft:iron_boots":4,"minecraft:furnace":3,"minecraft:tipped_arrow":42,"minecraft:stick":135,"minecraft:sandstone":263,"minecraft:oak_fence":30,"minecraft:torch":145,"minecraft:acacia_log":257,"minecraft:porkchop":36,"minecraft:diorite":22,"minecraft:carrot":1,"minecraft:redstone":52,"minecraft:rabbit_foot":5,"minecraft:stone_sword":2,"minecraft:arrow":31,"minecraft:cactus":1,"minecraft:rotten_flesh":64,"minecraft:diamond_chestplate":1,"minecraft:pumpkin_pie":89,"minecraft:diamond_boots":1,"minecraft:gold_ingot":34,"minecraft:obsidian":6,"minecraft:mutton":27,"minecraft:rail":2,"minecraft:white_wool":15,"minecraft:cobblestone":645,"minecraft:oxeye_daisy":1,"minecraft:feather":4,"minecraft:basalt":39,"minecraft:golden_carrot":56,"minecraft:water_bucket":3,"minecraft:andesite":6,"minecraft:brown_wool":2,"minecraft:leather":4,"minecraft:flint":7,"minecraft:oak_log":918,"minecraft:cobblestone_wall":60,"minecraft:gunpowder":10,"minecraft:dirt":302,"minecraft:paper":8,"minecraft:leather_boots":1,"minecraft:bone":36,"minecraft:acacia_planks":126,"minecraft:apple":40,"minecraft:bow":6,"minecraft:wheat_seeds":13,"minecraft:rabbit_hide":18,"minecraft:iron_ingot":336,"minecraft:iron_ore":650,"minecraft:diamond_helmet":1,"minecraft:fletching_table":1,"minecraft:rabbit":7,"minecraft:iron_sword":4,"minecraft:oak_planks":13,"minecraft:acacia_sapling":7,"minecraft:oak_slab":42,"minecraft:birch_boat":1,"minecraft:gravel":39,"minecraft:lava_bucket":2,"minecraft:sand":5,"minecraft:grass_block":2,"minecraft:gold_ore":52,"minecraft:spider_eye":5,"minecraft:diamond_shovel":1,"minecraft:diamond":9,"minecraft:iron_helmet":2,"minecraft:granite":8,"minecraft:diamond_axe":3,"minecraft:bread":2,"minecraft:emerald":5,"minecraft:oak_sapling":398,"minecraft:black_wool":1,"minecraft:coal":962,"minecraft:oak_leaves":2424,"minecraft:sunflower":2,"minecraft:ender_pearl":4,"minecraft:diamond_pickaxe":3},"minecraft:used":{"minecraft:oak_fence":6,"minecraft:stone_sword":96,"minecraft:iron_shovel":80,"minecraft:stone_shovel":11,"minecraft:chest":2,"minecraft:shield":41,"minecraft:iron_sword":128,"minecraft:torch":257,"minecraft:dirt":76,"minecraft:wooden_axe":38,"minecraft:lava_bucket":2,"minecraft:iron_axe":449,"minecraft:basalt":3,"minecraft:golden_carrot":28,"minecraft:oak_sapling":140,"minecraft:furnace":5,"minecraft:cooked_mutton":10,"minecraft:water_bucket":5,"minecraft:stone_pickaxe":526,"minecraft:oak_planks":50,"minecraft:cactus":1,"minecraft:ender_pearl":2,"minecraft:wooden_pickaxe":16,"minecraft:diamond_axe":1283,"minecraft:fletching_table":1,"minecraft:oak_leaves":118,"minecraft:sand":1,"minecraft:oak_slab":111,"minecraft:crafting_table":10,"minecraft:white_bed":1,"minecraft:shears":2671,"minecraft:diamond_pickaxe":3,"minecraft:apple":1,"minecraft:iron_pickaxe":621,"minecraft:gravel":16,"minecraft:stone_axe":7,"minecraft:wooden_sword":28,"minecraft:cobblestone":110,"minecraft:porkchop":10,"minecraft:cooked_porkchop":19,"minecraft:bucket":8,"minecraft:pumpkin_pie":59},"minecraft:mined":{"minecraft:oak_sapling":35,"minecraft:potted_cactus":1,"minecraft:obsidian":3,"minecraft:granite":1,"minecraft:acacia_log":267,"minecraft:grass_block":44,"minecraft:sandstone":49,"minecraft:furnace":1,"minecraft:iron_ore":349,"minecraft:andesite":3,"minecraft:stone":235,"minecraft:oak_slab":40,"minecraft:acacia_leaves":29,"minecraft:basalt":44,"minecraft:oak_fence":31,"minecraft:torch":4,"minecraft:crafting_table":8,"minecraft:dead_bush":1,"minecraft:tall_grass":19,"minecraft:cobblestone":4,"minecraft:oak_planks":7,"minecraft:diorite":6,"minecraft:wall_torch":1,"minecraft:grass":50,"minecraft:coal_ore":436,"minecraft:oak_log":915,"minecraft:sand":9,"minecraft:sunflower":2,"minecraft:gravel":37,"minecraft:dirt":8,"minecraft:gold_ore":25,"minecraft:oak_leaves":3019},"minecraft:dropped":{"minecraft:iron_ingot":8,"minecraft:iron_sword":1,"minecraft:wheat_seeds":6,"minecraft:oak_log":33,"minecraft:diamond":3,"minecraft:granite":1,"minecraft:acacia_log":148,"minecraft:grass_block":2,"minecraft:flint":2,"minecraft:emerald":10,"minecraft:stick":4,"minecraft:dirt":24,"minecraft:torch":64,"minecraft:cornflower":1,"minecraft:iron_shovel":2,"minecraft:string":5,"minecraft:bone":15,"minecraft:obsidian":6,"minecraft:rotten_flesh":16,"minecraft:iron_hoe":1,"minecraft:rabbit_foot":2,"minecraft:poppy":1,"minecraft:diamond_chestplate":1,"minecraft:oak_sapling":145,"minecraft:acacia_sapling":7,"minecraft:spider_eye":3,"minecraft:sandstone":87,"minecraft:iron_ore":36,"minecraft:basalt":1,"minecraft:oak_leaves":4},"minecraft:killed_by":{"minecraft:skeleton":2,"minecraft:zombie":1,"minecraft:endermite":1},"minecraft:crafted":{"minecraft:golden_carrot":63,"minecraft:wooden_sword":1,"minecraft:oak_planks":3276,"minecraft:stone_shovel":1,"minecraft:furnace":4,"minecraft:cooked_mutton":11,"minecraft:diamond_helmet":1,"minecraft:diamond_leggings":1,"minecraft:iron_boots":1,"minecraft:iron_axe":3,"minecraft:stone_pickaxe":6,"minecraft:chest":1,"minecraft:diamond_boots":1,"minecraft:cooked_beef":8,"minecraft:oak_slab":84,"minecraft:emerald":236,"minecraft:cooked_porkchop":21,"minecraft:crafting_table":4,"minecraft:wooden_pickaxe":1,"minecraft:iron_helmet":2,"minecraft:iron_sword":2,"minecraft:bucket":1,"minecraft:stone_axe":1,"minecraft:air":0,"minecraft:oak_boat":1,"minecraft:iron_chestplate":1,"minecraft:shield":1,"minecraft:stick":7078,"minecraft:iron_ingot":309,"minecraft:iron_pickaxe":4,"minecraft:wooden_axe":1,"minecraft:stone_sword":2,"minecraft:iron_shovel":1,"minecraft:iron_leggings":1,"minecraft:gold_ingot":10,"minecraft:white_bed":1,"minecraft:pumpkin_pie":20,"minecraft:acacia_planks":436,"minecraft:torch":484,"minecraft:shears":12,"minecraft:diamond_chestplate":2}},"DataVersion":2586}