{"stats":{"minecraft:crafted":{"minecraft:wooden_sword":1,"minecraft:oak_planks":56,"minecraft:cooked_porkchop":7,"minecraft:crafting_table":1,"minecraft:stick":12,"minecraft:wooden_pickaxe":1,"minecraft:stone_pickaxe":2,"minecraft:wooden_axe":1,"minecraft:stone_sword":1,"minecraft:white_bed":1,"minecraft:stone_axe":1},"minecraft:mined":{"minecraft:iron_ore":1,"minecraft:potted_cactus":1,"minecraft:crafting_table":1,"minecraft:grass":22,"minecraft:grass_block":3,"minecraft:oak_log":14,"minecraft:sand":1,"minecraft:tall_grass":5,"minecraft:stone":16,"minecraft:oak_planks":1,"minecraft:oak_leaves":3},"minecraft:dropped":{"minecraft:wheat_seeds":1},"minecraft:used":{"minecraft:wooden_axe":38,"minecraft:oak_planks":18,"minecraft:stone_pickaxe":2,"minecraft:cactus":1,"minecraft:wooden_pickaxe":16,"minecraft:stone_axe":7,"minecraft:wooden_sword":28,"minecraft:dirt":3,"minecraft:sand":1,"minecraft:crafting_table":1,"minecraft:cooked_porkchop":5,"minecraft:porkchop":10,"minecraft:white_bed":1},"minecraft:custom":{"minecraft:time_since_rest":1085,"minecraft:interact_with_furnace":5,"minecraft:sprint_one_cm":150284,"minecraft:damage_taken":855,"minecraft:walk_one_cm":140320,"minecraft:mob_kills":35,"minecraft:drop":1,"minecraft:damage_dealt":3436,"minecraft:interact_with_crafting_table":4,"minecraft:fly_one_cm":245196,"minecraft:open_chest":7,"minecraft:play_one_minute":50896,"minecraft:crouch_one_cm":478,"minecraft:bell_ring":5,"minecraft:deaths":2,"minecraft:sneak_time":100,"minecraft:jump":1136,"minecraft:interact_with_blast_furnace":1,"minecraft:leave_game":9,"minecraft:time_since_death":954,"minecraft:walk_on_water_one_cm":708,"minecraft:sleep_in_bed":1,"minecraft:fall_one_cm":24115},"minecraft:killed":{"minecraft:sheep":13,"minecraft:husk":1,"minecraft:zombie":4,"minecraft:pig":11,"minecraft:bee":1,"minecraft:chicken":4},"minecraft:killed_by":{"minecraft:zombie":1},"minecraft:broken":{"minecraft:wooden_axe":1},"minecraft:picked_up":{"minecraft:crafting_table":1,"minecraft:feather":4,"minecraft:chicken":4,"minecraft:brown_wool":2,"minecraft:porkchop":23,"minecraft:sand":1,"minecraft:oak_log":14,"minecraft:dirt":3,"minecraft:cactus":1,"minecraft:rotten_flesh":1,"minecraft:wheat_seeds":3,"minecraft:iron_ore":1,"minecraft:black_wool":1,"minecraft:mutton":19,"minecraft:oak_planks":3,"minecraft:white_wool":10,"minecraft:cobblestone":15}},"DataVersion":2586}