{"stats":{"minecraft:broken":{"minecraft:stone_pickaxe":4,"minecraft:iron_pickaxe":1,"minecraft:wooden_axe":1},"minecraft:custom":{"minecraft:mob_kills":94,"minecraft:interact_with_crafting_table":27,"minecraft:bell_ring":7,"minecraft:leave_game":12,"minecraft:time_since_death":58150,"minecraft:climb_one_cm":2472,"minecraft:sprint_one_cm":676099,"minecraft:walk_one_cm":576388,"minecraft:damage_blocked_by_shield":525,"minecraft:drop":14,"minecraft:talked_to_villager":5,"minecraft:deaths":5,"minecraft:sneak_time":1089,"minecraft:walk_under_water_one_cm":7450,"minecraft:jump":5096,"minecraft:interact_with_blast_furnace":7,"minecraft:walk_on_water_one_cm":40330,"minecraft:interact_with_furnace":52,"minecraft:play_one_minute":238580,"minecraft:interact_with_grindstone":1,"minecraft:interact_with_stonecutter":1,"minecraft:sleep_in_bed":7,"minecraft:time_since_rest":3216,"minecraft:damage_taken":3685,"minecraft:damage_dealt":14790,"minecraft:swim_one_cm":9483,"minecraft:fly_one_cm":1101064,"minecraft:open_chest":62,"minecraft:crouch_one_cm":3229,"minecraft:fall_one_cm":91473},"minecraft:killed":{"minecraft:witch":1,"minecraft:spider":5,"minecraft:skeleton":11,"minecraft:bee":1,"minecraft:chicken":4,"minecraft:husk":3,"minecraft:pig":18,"minecraft:creeper":1,"minecraft:sheep":16,"minecraft:zombie":24,"minecraft:enderman":2,"minecraft:cow":3},"minecraft:picked_up":{"minecraft:crafting_table":10,"minecraft:iron_chestplate":2,"minecraft:chicken":4,"minecraft:cornflower":1,"minecraft:string":2,"minecraft:iron_axe":2,"minecraft:iron_leggings":2,"minecraft:beef":8,"minecraft:poppy":6,"minecraft:iron_pickaxe":2,"minecraft:iron_boots":3,"minecraft:furnace":3,"minecraft:sandstone":263,"minecraft:oak_fence":30,"minecraft:torch":112,"minecraft:acacia_log":27,"minecraft:porkchop":36,"minecraft:diorite":16,"minecraft:cactus":1,"minecraft:stone_sword":2,"minecraft:arrow":21,"minecraft:rotten_flesh":33,"minecraft:pumpkin_pie":78,"minecraft:mutton":23,"minecraft:rail":2,"minecraft:white_wool":13,"minecraft:cobblestone":505,"minecraft:feather":4,"minecraft:basalt":38,"minecraft:andesite":6,"minecraft:leather":4,"minecraft:brown_wool":2,"minecraft:flint":2,"minecraft:oak_log":56,"minecraft:gunpowder":4,"minecraft:dirt":72,"minecraft:bone":27,"minecraft:acacia_planks":80,"minecraft:bow":4,"minecraft:wheat_seeds":7,"minecraft:iron_ingot":11,"minecraft:iron_ore":547,"minecraft:oak_planks":4,"minecraft:iron_sword":2,"minecraft:oak_slab":42,"minecraft:gravel":23,"minecraft:sand":4,"minecraft:gold_ore":22,"minecraft:iron_helmet":2,"minecraft:granite":6,"minecraft:bread":2,"minecraft:black_wool":1,"minecraft:coal":842,"minecraft:sunflower":2,"minecraft:ender_pearl":3,"minecraft:diamond_pickaxe":1},"minecraft:used":{"minecraft:oak_fence":6,"minecraft:stone_sword":96,"minecraft:iron_shovel":46,"minecraft:stone_shovel":11,"minecraft:shield":11,"minecraft:iron_sword":80,"minecraft:torch":186,"minecraft:dirt":72,"minecraft:wooden_axe":38,"minecraft:iron_axe":186,"minecraft:basalt":3,"minecraft:furnace":5,"minecraft:cooked_mutton":10,"minecraft:stone_pickaxe":526,"minecraft:oak_planks":45,"minecraft:cactus":1,"minecraft:ender_pearl":2,"minecraft:wooden_pickaxe":16,"minecraft:sand":1,"minecraft:oak_slab":111,"minecraft:crafting_table":10,"minecraft:white_bed":1,"minecraft:iron_pickaxe":513,"minecraft:stone_axe":7,"minecraft:wooden_sword":28,"minecraft:cobblestone":97,"minecraft:cooked_porkchop":19,"minecraft:porkchop":10,"minecraft:pumpkin_pie":25},"minecraft:mined":{"minecraft:potted_cactus":1,"minecraft:acacia_log":27,"minecraft:grass_block":35,"minecraft:sandstone":49,"minecraft:furnace":1,"minecraft:iron_ore":292,"minecraft:andesite":3,"minecraft:stone":212,"minecraft:oak_slab":40,"minecraft:acacia_leaves":3,"minecraft:basalt":44,"minecraft:oak_fence":31,"minecraft:crafting_table":8,"minecraft:cobblestone":4,"minecraft:tall_grass":11,"minecraft:oak_planks":2,"minecraft:diorite":6,"minecraft:wall_torch":1,"minecraft:grass":33,"minecraft:oak_log":56,"minecraft:coal_ore":426,"minecraft:sunflower":2,"minecraft:gravel":12,"minecraft:sand":9,"minecraft:dirt":4,"minecraft:gold_ore":10,"minecraft:oak_leaves":19},"minecraft:dropped":{"minecraft:wheat_seeds":1,"minecraft:cornflower":1,"minecraft:string":2,"minecraft:bone":9,"minecraft:rotten_flesh":6,"minecraft:iron_hoe":1,"minecraft:iron_ore":36,"minecraft:sandstone":87},"minecraft:killed_by":{"minecraft:endermite":1,"minecraft:skeleton":1,"minecraft:zombie":1},"minecraft:crafted":{"minecraft:wooden_sword":1,"minecraft:oak_planks":224,"minecraft:stone_shovel":1,"minecraft:furnace":4,"minecraft:cooked_mutton":11,"minecraft:iron_boots":1,"minecraft:iron_axe":2,"minecraft:stone_pickaxe":6,"minecraft:cooked_beef":8,"minecraft:oak_slab":84,"minecraft:cooked_porkchop":21,"minecraft:crafting_table":4,"minecraft:wooden_pickaxe":1,"minecraft:iron_helmet":2,"minecraft:iron_sword":2,"minecraft:stone_axe":1,"minecraft:air":0,"minecraft:iron_chestplate":1,"minecraft:shield":1,"minecraft:stick":124,"minecraft:iron_ingot":174,"minecraft:iron_pickaxe":3,"minecraft:wooden_axe":1,"minecraft:stone_sword":2,"minecraft:iron_shovel":1,"minecraft:iron_leggings":1,"minecraft:white_bed":1,"minecraft:acacia_planks":108,"minecraft:torch":344}},"DataVersion":2586}