{"stats":{"minecraft:custom":{"minecraft:interact_with_furnace":22,"minecraft:mob_kills":64,"minecraft:interact_with_crafting_table":19,"minecraft:play_one_minute":171190,"minecraft:bell_ring":7,"minecraft:interact_with_grindstone":1,"minecraft:leave_game":10,"minecraft:time_since_death":62561,"minecraft:sleep_in_bed":4,"minecraft:time_since_rest":62623,"minecraft:sprint_one_cm":473295,"minecraft:damage_taken":2171,"minecraft:walk_one_cm":382039,"minecraft:drop":8,"minecraft:damage_dealt":8119,"minecraft:swim_one_cm":5270,"minecraft:talked_to_villager":3,"minecraft:fly_one_cm":745190,"minecraft:open_chest":30,"minecraft:crouch_one_cm":2384,"minecraft:deaths":3,"minecraft:sneak_time":891,"minecraft:walk_under_water_one_cm":2978,"minecraft:jump":3586,"minecraft:interact_with_blast_furnace":7,"minecraft:walk_on_water_one_cm":23002,"minecraft:fall_one_cm":74993},"minecraft:broken":{"minecraft:stone_pickaxe":4,"minecraft:iron_pickaxe":1,"minecraft:wooden_axe":1},"minecraft:killed":{"minecraft:husk":1,"minecraft:pig":18,"minecraft:spider":2,"minecraft:sheep":16,"minecraft:skeleton":5,"minecraft:zombie":13,"minecraft:bee":1,"minecraft:chicken":4,"minecraft:cow":3},"minecraft:picked_up":{"minecraft:crafting_table":8,"minecraft:feather":4,"minecraft:basalt":38,"minecraft:chicken":4,"minecraft:andesite":2,"minecraft:leather":4,"minecraft:brown_wool":2,"minecraft:oak_log":18,"minecraft:dirt":10,"minecraft:bone":8,"minecraft:bow":1,"minecraft:wheat_seeds":5,"minecraft:iron_ingot":5,"minecraft:beef":8,"minecraft:iron_ore":211,"minecraft:poppy":6,"minecraft:oak_planks":3,"minecraft:iron_boots":1,"minecraft:furnace":1,"minecraft:sandstone":87,"minecraft:torch":5,"minecraft:acacia_log":27,"minecraft:gravel":3,"minecraft:sand":4,"minecraft:porkchop":36,"minecraft:diorite":6,"minecraft:gold_ore":6,"minecraft:arrow":9,"minecraft:rotten_flesh":13,"minecraft:cactus":1,"minecraft:granite":2,"minecraft:bread":1,"minecraft:black_wool":1,"minecraft:mutton":23,"minecraft:coal":423,"minecraft:rail":2,"minecraft:white_wool":13,"minecraft:cobblestone":241,"minecraft:sunflower":1},"minecraft:used":{"minecraft:cooked_mutton":10,"minecraft:stone_sword":96,"minecraft:stone_shovel":11,"minecraft:stone_pickaxe":526,"minecraft:oak_planks":34,"minecraft:cactus":1,"minecraft:wooden_pickaxe":16,"minecraft:iron_sword":22,"minecraft:torch":120,"minecraft:dirt":10,"minecraft:sand":1,"minecraft:crafting_table":8,"minecraft:white_bed":1,"minecraft:wooden_axe":38,"minecraft:iron_axe":1,"minecraft:iron_pickaxe":401,"minecraft:stone_axe":7,"minecraft:basalt":3,"minecraft:wooden_sword":28,"minecraft:cobblestone":52,"minecraft:furnace":1,"minecraft:cooked_porkchop":18,"minecraft:porkchop":10},"minecraft:dropped":{"minecraft:wheat_seeds":1,"minecraft:rotten_flesh":6,"minecraft:iron_hoe":1},"minecraft:mined":{"minecraft:acacia_leaves":3,"minecraft:basalt":44,"minecraft:potted_cactus":1,"minecraft:crafting_table":8,"minecraft:acacia_log":27,"minecraft:grass_block":8,"minecraft:tall_grass":10,"minecraft:oak_planks":1,"minecraft:diorite":6,"minecraft:sandstone":47,"minecraft:wall_torch":1,"minecraft:furnace":1,"minecraft:iron_ore":211,"minecraft:andesite":3,"minecraft:grass":28,"minecraft:oak_log":18,"minecraft:coal_ore":425,"minecraft:sunflower":1,"minecraft:sand":4,"minecraft:dirt":2,"minecraft:stone":192,"minecraft:gold_ore":6,"minecraft:oak_leaves":6},"minecraft:killed_by":{"minecraft:zombie":1},"minecraft:crafted":{"minecraft:cooked_beef":8,"minecraft:wooden_sword":1,"minecraft:oak_planks":72,"minecraft:stone_shovel":1,"minecraft:cooked_porkchop":21,"minecraft:crafting_table":3,"minecraft:wooden_pickaxe":1,"minecraft:iron_helmet":2,"minecraft:iron_sword":2,"minecraft:furnace":1,"minecraft:stone_axe":1,"minecraft:cooked_mutton":11,"minecraft:air":0,"minecraft:iron_boots":1,"minecraft:iron_chestplate":1,"minecraft:iron_axe":2,"minecraft:stick":92,"minecraft:iron_ingot":46,"minecraft:iron_pickaxe":3,"minecraft:stone_pickaxe":6,"minecraft:wooden_axe":1,"minecraft:stone_sword":2,"minecraft:iron_leggings":1,"minecraft:white_bed":1,"minecraft:acacia_planks":108,"minecraft:torch":224}},"DataVersion":2586}