{"stats":{"minecraft:crafted":{"minecraft:golden_carrot":63,"minecraft:wooden_sword":1,"minecraft:oak_planks":2752,"minecraft:stone_shovel":1,"minecraft:furnace":4,"minecraft:cooked_mutton":11,"minecraft:diamond_helmet":1,"minecraft:diamond_leggings":1,"minecraft:iron_boots":1,"minecraft:iron_axe":3,"minecraft:stone_pickaxe":6,"minecraft:chest":1,"minecraft:diamond_boots":1,"minecraft:cooked_beef":8,"minecraft:oak_slab":84,"minecraft:emerald":202,"minecraft:cooked_porkchop":21,"minecraft:crafting_table":4,"minecraft:wooden_pickaxe":1,"minecraft:iron_helmet":2,"minecraft:iron_sword":2,"minecraft:bucket":1,"minecraft:stone_axe":1,"minecraft:air":0,"minecraft:oak_boat":1,"minecraft:iron_chestplate":1,"minecraft:shield":1,"minecraft:stick":6030,"minecraft:iron_ingot":309,"minecraft:iron_pickaxe":4,"minecraft:wooden_axe":1,"minecraft:stone_sword":2,"minecraft:iron_shovel":1,"minecraft:iron_leggings":1,"minecraft:gold_ingot":10,"minecraft:white_bed":1,"minecraft:pumpkin_pie":20,"minecraft:acacia_planks":436,"minecraft:torch":484,"minecraft:shears":9,"minecraft:diamond_chestplate":2},"minecraft:mined":{"minecraft:oak_sapling":33,"minecraft:potted_cactus":1,"minecraft:obsidian":3,"minecraft:granite":1,"minecraft:acacia_log":267,"minecraft:grass_block":39,"minecraft:sandstone":49,"minecraft:furnace":1,"minecraft:iron_ore":349,"minecraft:andesite":3,"minecraft:stone":235,"minecraft:oak_slab":40,"minecraft:acacia_leaves":29,"minecraft:basalt":44,"minecraft:oak_fence":31,"minecraft:crafting_table":8,"minecraft:torch":2,"minecraft:dead_bush":1,"minecraft:tall_grass":19,"minecraft:cobblestone":4,"minecraft:oak_planks":7,"minecraft:diorite":6,"minecraft:wall_torch":1,"minecraft:grass":49,"minecraft:oak_log":729,"minecraft:coal_ore":436,"minecraft:sunflower":2,"minecraft:gravel":37,"minecraft:sand":9,"minecraft:dirt":7,"minecraft:gold_ore":25,"minecraft:oak_leaves":2391},"minecraft:used":{"minecraft:oak_fence":6,"minecraft:stone_sword":96,"minecraft:iron_shovel":79,"minecraft:stone_shovel":11,"minecraft:chest":1,"minecraft:shield":35,"minecraft:iron_sword":122,"minecraft:torch":257,"minecraft:dirt":72,"minecraft:wooden_axe":38,"minecraft:lava_bucket":2,"minecraft:iron_axe":449,"minecraft:basalt":3,"minecraft:golden_carrot":15,"minecraft:oak_sapling":112,"minecraft:furnace":5,"minecraft:cooked_mutton":10,"minecraft:water_bucket":4,"minecraft:stone_pickaxe":526,"minecraft:oak_planks":50,"minecraft:cactus":1,"minecraft:ender_pearl":2,"minecraft:wooden_pickaxe":16,"minecraft:fletching_table":1,"minecraft:diamond_axe":1017,"minecraft:oak_leaves":81,"minecraft:sand":1,"minecraft:oak_slab":111,"minecraft:crafting_table":10,"minecraft:white_bed":1,"minecraft:shears":2110,"minecraft:diamond_pickaxe":3,"minecraft:apple":1,"minecraft:iron_pickaxe":619,"minecraft:gravel":16,"minecraft:stone_axe":7,"minecraft:wooden_sword":28,"minecraft:cobblestone":110,"minecraft:porkchop":10,"minecraft:cooked_porkchop":19,"minecraft:bucket":7,"minecraft:pumpkin_pie":59},"minecraft:picked_up":{"minecraft:iron_chestplate":3,"minecraft:crafting_table":10,"minecraft:chicken":4,"minecraft:leather_leggings":1,"minecraft:shield":1,"minecraft:cornflower":1,"minecraft:string":8,"minecraft:iron_axe":2,"minecraft:iron_leggings":3,"minecraft:iron_shovel":2,"minecraft:beef":8,"minecraft:poppy":7,"minecraft:iron_pickaxe":3,"minecraft:furnace":3,"minecraft:iron_boots":4,"minecraft:tipped_arrow":26,"minecraft:stick":108,"minecraft:sandstone":263,"minecraft:oak_fence":30,"minecraft:torch":137,"minecraft:acacia_log":257,"minecraft:porkchop":36,"minecraft:diorite":22,"minecraft:carrot":1,"minecraft:rabbit_foot":2,"minecraft:stone_sword":2,"minecraft:arrow":31,"minecraft:cactus":1,"minecraft:rotten_flesh":54,"minecraft:pumpkin_pie":82,"minecraft:gold_ingot":10,"minecraft:obsidian":6,"minecraft:mutton":27,"minecraft:rail":2,"minecraft:white_wool":15,"minecraft:cobblestone":583,"minecraft:feather":4,"minecraft:basalt":39,"minecraft:golden_carrot":56,"minecraft:water_bucket":1,"minecraft:andesite":6,"minecraft:brown_wool":2,"minecraft:leather":4,"minecraft:flint":4,"minecraft:oak_log":728,"minecraft:gunpowder":6,"minecraft:dirt":96,"minecraft:bone":36,"minecraft:acacia_planks":126,"minecraft:apple":37,"minecraft:bow":5,"minecraft:wheat_seeds":12,"minecraft:rabbit_hide":18,"minecraft:iron_ingot":203,"minecraft:iron_ore":650,"minecraft:fletching_table":1,"minecraft:rabbit":7,"minecraft:acacia_sapling":7,"minecraft:iron_sword":4,"minecraft:oak_planks":9,"minecraft:oak_slab":42,"minecraft:gravel":39,"minecraft:lava_bucket":2,"minecraft:sand":4,"minecraft:grass_block":2,"minecraft:gold_ore":52,"minecraft:spider_eye":4,"minecraft:diamond":9,"minecraft:iron_helmet":2,"minecraft:granite":8,"minecraft:diamond_axe":2,"minecraft:emerald":2,"minecraft:bread":2,"minecraft:oak_sapling":361,"minecraft:black_wool":1,"minecraft:coal":962,"minecraft:oak_leaves":1881,"minecraft:sunflower":2,"minecraft:ender_pearl":4,"minecraft:diamond_pickaxe":2},"minecraft:broken":{"minecraft:shears":8,"minecraft:stone_pickaxe":4,"minecraft:iron_axe":2,"minecraft:iron_pickaxe":2,"minecraft:iron_helmet":1,"minecraft:wooden_axe":1},"minecraft:dropped":{"minecraft:iron_ingot":8,"minecraft:iron_sword":1,"minecraft:wheat_seeds":4,"minecraft:oak_log":33,"minecraft:diamond":3,"minecraft:granite":1,"minecraft:acacia_log":148,"minecraft:grass_block":2,"minecraft:flint":2,"minecraft:emerald":10,"minecraft:dirt":24,"minecraft:torch":64,"minecraft:cornflower":1,"minecraft:iron_shovel":2,"minecraft:string":4,"minecraft:bone":15,"minecraft:obsidian":6,"minecraft:rotten_flesh":16,"minecraft:iron_hoe":1,"minecraft:rabbit_foot":2,"minecraft:diamond_chestplate":1,"minecraft:acacia_sapling":7,"minecraft:oak_sapling":145,"minecraft:spider_eye":1,"minecraft:sandstone":87,"minecraft:iron_ore":36,"minecraft:basalt":1},"minecraft:custom":{"minecraft:interact_with_smithing_table":1,"minecraft:mob_kills":138,"minecraft:interact_with_crafting_table":40,"minecraft:open_barrel":3,"minecraft:bell_ring":7,"minecraft:leave_game":20,"minecraft:time_since_death":111378,"minecraft:climb_one_cm":9198,"minecraft:sprint_one_cm":1184360,"minecraft:walk_one_cm":1094041,"minecraft:damage_blocked_by_shield":1475,"minecraft:drop":65,"minecraft:talked_to_villager":108,"minecraft:deaths":6,"minecraft:sneak_time":1342,"minecraft:walk_under_water_one_cm":18771,"minecraft:jump":8179,"minecraft:interact_with_blast_furnace":7,"minecraft:walk_on_water_one_cm":49768,"minecraft:interact_with_furnace":71,"minecraft:traded_with_villager":233,"minecraft:play_one_minute":464816,"minecraft:interact_with_stonecutter":1,"minecraft:interact_with_grindstone":1,"minecraft:sleep_in_bed":8,"minecraft:time_since_rest":28087,"minecraft:damage_taken":5601,"minecraft:damage_dealt":20823,"minecraft:swim_one_cm":25573,"minecraft:fly_one_cm":1859633,"minecraft:open_chest":135,"minecraft:crouch_one_cm":3655,"minecraft:horse_one_cm":7432,"minecraft:fall_one_cm":139168},"minecraft:killed":{"minecraft:witch":1,"minecraft:spider":8,"minecraft:skeleton":17,"minecraft:bee":1,"minecraft:chicken":4,"minecraft:husk":5,"minecraft:pig":18,"minecraft:rabbit":18,"minecraft:creeper":3,"minecraft:sheep":17,"minecraft:zombie":32,"minecraft:enderman":3,"minecraft:cow":3},"minecraft:killed_by":{"minecraft:skeleton":2,"minecraft:zombie":1,"minecraft:endermite":1}},"DataVersion":2586}