{"stats":{"minecraft:custom":{"minecraft:interact_with_furnace":10,"minecraft:mob_kills":52,"minecraft:interact_with_crafting_table":7,"minecraft:play_one_minute":87190,"minecraft:bell_ring":5,"minecraft:interact_with_grindstone":1,"minecraft:leave_game":10,"minecraft:time_since_death":37248,"minecraft:sleep_in_bed":3,"minecraft:time_since_rest":2753,"minecraft:sprint_one_cm":225753,"minecraft:damage_taken":1024,"minecraft:walk_one_cm":204638,"minecraft:drop":7,"minecraft:damage_dealt":5480,"minecraft:swim_one_cm":3722,"minecraft:talked_to_villager":3,"minecraft:fly_one_cm":395755,"minecraft:open_chest":20,"minecraft:crouch_one_cm":1896,"minecraft:deaths":2,"minecraft:sneak_time":401,"minecraft:walk_under_water_one_cm":2122,"minecraft:jump":1815,"minecraft:interact_with_blast_furnace":2,"minecraft:walk_on_water_one_cm":10172,"minecraft:fall_one_cm":36956},"minecraft:broken":{"minecraft:stone_pickaxe":1,"minecraft:wooden_axe":1},"minecraft:killed":{"minecraft:husk":1,"minecraft:pig":18,"minecraft:sheep":16,"minecraft:zombie":8,"minecraft:bee":1,"minecraft:chicken":4,"minecraft:cow":3},"minecraft:picked_up":{"minecraft:crafting_table":2,"minecraft:feather":4,"minecraft:chicken":4,"minecraft:leather":4,"minecraft:brown_wool":2,"minecraft:oak_log":18,"minecraft:dirt":10,"minecraft:wheat_seeds":4,"minecraft:beef":8,"minecraft:iron_ore":9,"minecraft:poppy":6,"minecraft:oak_planks":3,"minecraft:iron_boots":1,"minecraft:torch":1,"minecraft:acacia_log":9,"minecraft:sand":4,"minecraft:porkchop":36,"minecraft:diorite":1,"minecraft:arrow":2,"minecraft:rotten_flesh":11,"minecraft:cactus":1,"minecraft:black_wool":1,"minecraft:mutton":23,"minecraft:coal":133,"minecraft:rail":2,"minecraft:white_wool":13,"minecraft:cobblestone":51,"minecraft:sunflower":1},"minecraft:used":{"minecraft:cooked_mutton":6,"minecraft:stone_sword":49,"minecraft:stone_shovel":11,"minecraft:stone_pickaxe":187,"minecraft:oak_planks":34,"minecraft:cactus":1,"minecraft:wooden_pickaxe":16,"minecraft:torch":3,"minecraft:dirt":10,"minecraft:sand":1,"minecraft:crafting_table":2,"minecraft:white_bed":1,"minecraft:wooden_axe":38,"minecraft:stone_axe":7,"minecraft:wooden_sword":28,"minecraft:cobblestone":29,"minecraft:cooked_porkchop":5,"minecraft:porkchop":10},"minecraft:dropped":{"minecraft:wheat_seeds":1,"minecraft:rotten_flesh":6},"minecraft:mined":{"minecraft:acacia_leaves":2,"minecraft:potted_cactus":1,"minecraft:crafting_table":2,"minecraft:acacia_log":9,"minecraft:grass_block":8,"minecraft:tall_grass":7,"minecraft:oak_planks":1,"minecraft:diorite":1,"minecraft:iron_ore":9,"minecraft:grass":27,"minecraft:oak_log":18,"minecraft:coal_ore":134,"minecraft:sunflower":1,"minecraft:sand":4,"minecraft:dirt":2,"minecraft:stone":57,"minecraft:oak_leaves":6},"minecraft:killed_by":{"minecraft:zombie":1},"minecraft:crafted":{"minecraft:wooden_sword":1,"minecraft:oak_planks":72,"minecraft:stone_shovel":1,"minecraft:cooked_porkchop":7,"minecraft:crafting_table":2,"minecraft:wooden_pickaxe":1,"minecraft:stone_axe":1,"minecraft:cooked_mutton":11,"minecraft:air":0,"minecraft:stick":32,"minecraft:iron_ingot":8,"minecraft:stone_pickaxe":4,"minecraft:wooden_axe":1,"minecraft:stone_sword":2,"minecraft:white_bed":1,"minecraft:acacia_planks":36,"minecraft:torch":44}},"DataVersion":2586}