{"stats":{"minecraft:crafted":{"minecraft:wooden_sword":1,"minecraft:oak_planks":36,"minecraft:cooked_porkchop":7,"minecraft:crafting_table":1,"minecraft:stick":8,"minecraft:wooden_pickaxe":1,"minecraft:stone_pickaxe":1,"minecraft:wooden_axe":1,"minecraft:white_bed":1},"minecraft:mined":{"minecraft:iron_ore":1,"minecraft:crafting_table":1,"minecraft:grass":20,"minecraft:grass_block":3,"minecraft:oak_log":14,"minecraft:sand":1,"minecraft:tall_grass":5,"minecraft:stone":16,"minecraft:oak_planks":1,"minecraft:oak_leaves":3},"minecraft:dropped":{"minecraft:wheat_seeds":1},"minecraft:used":{"minecraft:wooden_axe":38,"minecraft:oak_planks":18,"minecraft:stone_pickaxe":2,"minecraft:wooden_pickaxe":16,"minecraft:wooden_sword":28,"minecraft:dirt":3,"minecraft:sand":1,"minecraft:crafting_table":1,"minecraft:cooked_porkchop":3,"minecraft:porkchop":10,"minecraft:white_bed":1},"minecraft:custom":{"minecraft:time_since_rest":13531,"minecraft:interact_with_furnace":4,"minecraft:sprint_one_cm":107620,"minecraft:damage_taken":465,"minecraft:walk_one_cm":118054,"minecraft:mob_kills":31,"minecraft:drop":1,"minecraft:damage_dealt":3176,"minecraft:interact_with_crafting_table":3,"minecraft:fly_one_cm":180479,"minecraft:open_chest":2,"minecraft:play_one_minute":42114,"minecraft:crouch_one_cm":478,"minecraft:deaths":1,"minecraft:sneak_time":100,"minecraft:jump":898,"minecraft:leave_game":8,"minecraft:time_since_death":32984,"minecraft:walk_on_water_one_cm":708,"minecraft:sleep_in_bed":1,"minecraft:fall_one_cm":17176},"minecraft:killed":{"minecraft:sheep":12,"minecraft:husk":1,"minecraft:zombie":4,"minecraft:pig":10,"minecraft:bee":1,"minecraft:chicken":2},"minecraft:killed_by":{"minecraft:zombie":1},"minecraft:broken":{"minecraft:wooden_axe":1},"minecraft:picked_up":{"minecraft:crafting_table":1,"minecraft:feather":1,"minecraft:chicken":2,"minecraft:brown_wool":1,"minecraft:porkchop":21,"minecraft:sand":1,"minecraft:oak_log":14,"minecraft:dirt":3,"minecraft:rotten_flesh":1,"minecraft:wheat_seeds":2,"minecraft:iron_ore":1,"minecraft:black_wool":1,"minecraft:mutton":17,"minecraft:oak_planks":3,"minecraft:white_wool":10,"minecraft:cobblestone":15}},"DataVersion":2586}