{"stats":{"minecraft:custom":{"minecraft:time_since_rest":354,"minecraft:sprint_one_cm":35489,"minecraft:damage_taken":40,"minecraft:walk_one_cm":41097,"minecraft:mob_kills":4,"minecraft:damage_dealt":288,"minecraft:talked_to_villager":1,"minecraft:interact_with_crafting_table":5,"minecraft:fly_one_cm":74616,"minecraft:open_chest":1,"minecraft:crouch_one_cm":1114,"minecraft:play_one_minute":21737,"minecraft:bell_ring":11,"minecraft:sneak_time":232,"minecraft:jump":354,"minecraft:leave_game":2,"minecraft:time_since_death":21737,"minecraft:walk_on_water_one_cm":214,"minecraft:sleep_in_bed":1,"minecraft:fall_one_cm":8502},"minecraft:killed":{"minecraft:chicken":2,"minecraft:cow":2},"minecraft:used":{"minecraft:bread":3,"minecraft:stone_pickaxe":1,"minecraft:wooden_pickaxe":17,"minecraft:stone_axe":70,"minecraft:crafting_table":1},"minecraft:picked_up":{"minecraft:stick":2,"minecraft:crafting_table":2,"minecraft:wheat":7,"minecraft:feather":3,"minecraft:chicken":2,"minecraft:leather":3,"minecraft:torch":3,"minecraft:oak_log":6,"minecraft:dirt":2,"minecraft:smooth_sandstone":1,"minecraft:cartography_table":1,"minecraft:wheat_seeds":24,"minecraft:hay_block":57,"minecraft:beef":4,"minecraft:cobblestone":13,"minecraft:egg":1},"minecraft:mined":{"minecraft:hay_block":57,"minecraft:wheat":7,"minecraft:smooth_sandstone":1,"minecraft:torch":4,"minecraft:crafting_table":2,"minecraft:grass":4,"minecraft:grass_block":2,"minecraft:oak_log":6,"minecraft:dead_bush":1,"minecraft:sand":1,"minecraft:tall_grass":1,"minecraft:stone":17,"minecraft:cartography_table":1,"minecraft:oak_leaves":1},"minecraft:crafted":{"minecraft:oak_planks":12,"minecraft:stick":12,"minecraft:wooden_pickaxe":1,"minecraft:stone_pickaxe":2,"minecraft:wooden_axe":1,"minecraft:stone_axe":1,"minecraft:bread":30,"minecraft:wheat":90}},"DataVersion":2586}