{"stats":{"minecraft:custom":{"minecraft:open_chest":1,"minecraft:time_since_rest":11080,"minecraft:play_one_minute":11080,"minecraft:crouch_one_cm":33,"minecraft:sprint_one_cm":11258,"minecraft:walk_one_cm":11803,"minecraft:sneak_time":2,"minecraft:mob_kills":3,"minecraft:jump":141,"minecraft:damage_dealt":188,"minecraft:leave_game":2,"minecraft:time_since_death":11080,"minecraft:interact_with_crafting_table":4,"minecraft:fly_one_cm":34676,"minecraft:fall_one_cm":3313},"minecraft:killed":{"minecraft:chicken":2,"minecraft:cow":1},"minecraft:picked_up":{"minecraft:crafting_table":1,"minecraft:feather":3,"minecraft:chicken":2,"minecraft:leather":1,"minecraft:wheat_seeds":1,"minecraft:torch":3,"minecraft:beef":1,"minecraft:oak_log":6,"minecraft:cobblestone":13,"minecraft:egg":1},"minecraft:used":{"minecraft:stone_axe":6,"minecraft:wooden_pickaxe":17},"minecraft:mined":{"minecraft:grass":4,"minecraft:oak_log":6,"minecraft:tall_grass":1,"minecraft:stone":17,"minecraft:oak_leaves":1,"minecraft:crafting_table":1,"minecraft:torch":4},"minecraft:crafted":{"minecraft:oak_planks":12,"minecraft:stone_axe":1,"minecraft:stick":12,"minecraft:wooden_axe":1,"minecraft:wooden_pickaxe":1,"minecraft:stone_pickaxe":2}},"DataVersion":2586}