{"stats":{"minecraft:broken":{"minecraft:iron_shovel":2,"minecraft:stone_axe":1,"minecraft:iron_pickaxe":1},"minecraft:crafted":{"minecraft:oak_slab":54,"minecraft:oak_planks":264,"minecraft:emerald":8,"minecraft:iron_helmet":1,"minecraft:wooden_pickaxe":1,"minecraft:iron_sword":1,"minecraft:stone_axe":1,"minecraft:bread":173,"minecraft:air":0,"minecraft:iron_boots":1,"minecraft:iron_chestplate":1,"minecraft:iron_axe":1,"minecraft:stick":181,"minecraft:iron_ingot":46,"minecraft:iron_pickaxe":3,"minecraft:stone_pickaxe":2,"minecraft:wooden_axe":1,"minecraft:iron_shovel":2,"minecraft:iron_leggings":1,"minecraft:torch":112,"minecraft:oak_fence":42,"minecraft:wheat":513},"minecraft:mined":{"minecraft:diamond_ore":4,"minecraft:oak_slab":5,"minecraft:oak_sapling":1,"minecraft:blackstone":5,"minecraft:basalt":11,"minecraft:dandelion":1,"minecraft:oak_fence":6,"minecraft:smooth_sandstone":1,"minecraft:crafting_table":2,"minecraft:torch":15,"minecraft:granite":39,"minecraft:grass_block":1068,"minecraft:dead_bush":11,"minecraft:tall_grass":36,"minecraft:cobblestone":20,"minecraft:lapis_ore":10,"minecraft:cartography_table":1,"minecraft:diorite":26,"minecraft:wall_torch":3,"minecraft:hay_block":57,"minecraft:tall_seagrass":3,"minecraft:redstone_ore":38,"minecraft:magma_block":2,"minecraft:iron_ore":120,"minecraft:wheat":7,"minecraft:andesite":26,"minecraft:grass":168,"minecraft:coal_ore":141,"minecraft:oak_log":67,"minecraft:sunflower":10,"minecraft:gravel":1,"minecraft:sand":1,"minecraft:dirt":29,"minecraft:stone":558,"minecraft:gold_ore":6,"minecraft:oak_leaves":26},"minecraft:used":{"minecraft:oak_fence":35,"minecraft:stone_sword":31,"minecraft:iron_shovel":603,"minecraft:stone_pickaxe":166,"minecraft:wooden_pickaxe":17,"minecraft:shield":50,"minecraft:iron_sword":125,"minecraft:oak_leaves":1,"minecraft:torch":119,"minecraft:dirt":456,"minecraft:oak_slab":58,"minecraft:crafting_table":2,"minecraft:diamond_pickaxe":574,"minecraft:diamond_shovel":599,"minecraft:bread":60,"minecraft:iron_axe":99,"minecraft:iron_pickaxe":262,"minecraft:smooth_sandstone":1,"minecraft:stone_axe":118,"minecraft:basalt":10,"minecraft:cobblestone":127,"minecraft:bow":9,"minecraft:oak_sapling":15,"minecraft:egg":2,"minecraft:diorite":4},"minecraft:dropped":{"minecraft:iron_ingot":6,"minecraft:bread":21,"minecraft:iron_sword":1,"minecraft:stone_axe":1,"minecraft:cobblestone":1,"minecraft:granite":7,"minecraft:stick":10,"minecraft:torch":1,"minecraft:sunflower":7,"minecraft:iron_pickaxe":1,"minecraft:bone":1},"minecraft:picked_up":{"minecraft:andesite":25,"minecraft:crafting_table":2,"minecraft:magma_block":1,"minecraft:wheat":7,"minecraft:feather":3,"minecraft:basalt":10,"minecraft:chicken":4,"minecraft:leather":4,"minecraft:oak_log":66,"minecraft:shield":1,"minecraft:gunpowder":2,"minecraft:lapis_lazuli":66,"minecraft:dirt":846,"minecraft:string":8,"minecraft:smooth_sandstone":1,"minecraft:iron_shovel":1,"minecraft:bone":7,"minecraft:blackstone":5,"minecraft:apple":2,"minecraft:bow":1,"minecraft:wheat_seeds":70,"minecraft:cartography_table":1,"minecraft:bucket":1,"minecraft:iron_ingot":4,"minecraft:beef":11,"minecraft:iron_ore":144,"minecraft:iron_sword":1,"minecraft:egg":2,"minecraft:oak_slab":7,"minecraft:stick":34,"minecraft:oak_fence":5,"minecraft:torch":40,"minecraft:dandelion":8,"minecraft:diorite":24,"minecraft:redstone":168,"minecraft:gold_ore":6,"minecraft:spider_eye":4,"minecraft:diamond_shovel":1,"minecraft:arrow":6,"minecraft:rotten_flesh":19,"minecraft:diamond":4,"minecraft:stone_axe":1,"minecraft:hay_block":57,"minecraft:granite":41,"minecraft:bread":5,"minecraft:oak_sapling":15,"minecraft:coal":137,"minecraft:oak_leaves":1,"minecraft:sunflower":7,"minecraft:cobblestone":540,"minecraft:diamond_pickaxe":1},"minecraft:killed":{"minecraft:magma_cube":8,"minecraft:husk":3,"minecraft:spider":7,"minecraft:creeper":1,"minecraft:skeleton":8,"minecraft:zombie":21,"minecraft:chicken":4,"minecraft:cow":5},"minecraft:custom":{"minecraft:interact_with_furnace":19,"minecraft:mob_kills":56,"minecraft:traded_with_villager":8,"minecraft:interact_with_crafting_table":30,"minecraft:play_one_minute":238771,"minecraft:bell_ring":11,"minecraft:leave_game":15,"minecraft:time_since_death":238771,"minecraft:sleep_in_bed":3,"minecraft:climb_one_cm":792,"minecraft:time_since_rest":143506,"minecraft:sprint_one_cm":497156,"minecraft:damage_taken":2213,"minecraft:walk_one_cm":519010,"minecraft:damage_blocked_by_shield":2085,"minecraft:drop":46,"minecraft:damage_dealt":7534,"minecraft:swim_one_cm":8302,"minecraft:talked_to_villager":17,"minecraft:fly_one_cm":708875,"minecraft:open_chest":94,"minecraft:crouch_one_cm":33123,"minecraft:sneak_time":9371,"minecraft:walk_under_water_one_cm":20198,"minecraft:jump":3539,"minecraft:interact_with_blast_furnace":2,"minecraft:walk_on_water_one_cm":15552,"minecraft:fall_one_cm":58410}},"DataVersion":2586}