{"stats":{"minecraft:broken":{"minecraft:iron_shovel":2,"minecraft:stone_axe":1,"minecraft:iron_pickaxe":1},"minecraft:custom":{"minecraft:interact_with_furnace":19,"minecraft:mob_kills":36,"minecraft:interact_with_crafting_table":22,"minecraft:play_one_minute":115700,"minecraft:bell_ring":11,"minecraft:leave_game":8,"minecraft:time_since_death":115700,"minecraft:sleep_in_bed":3,"minecraft:time_since_rest":20435,"minecraft:sprint_one_cm":284894,"minecraft:damage_taken":1533,"minecraft:walk_one_cm":254747,"minecraft:damage_blocked_by_shield":2005,"minecraft:drop":37,"minecraft:damage_dealt":4660,"minecraft:swim_one_cm":7226,"minecraft:talked_to_villager":2,"minecraft:fly_one_cm":372882,"minecraft:open_chest":32,"minecraft:crouch_one_cm":22017,"minecraft:sneak_time":6333,"minecraft:walk_under_water_one_cm":18023,"minecraft:jump":2079,"minecraft:interact_with_blast_furnace":2,"minecraft:walk_on_water_one_cm":14063,"minecraft:fall_one_cm":39125},"minecraft:killed":{"minecraft:magma_cube":4,"minecraft:husk":2,"minecraft:spider":4,"minecraft:creeper":1,"minecraft:skeleton":6,"minecraft:zombie":11,"minecraft:chicken":3,"minecraft:cow":5},"minecraft:used":{"minecraft:stone_sword":31,"minecraft:iron_shovel":545,"minecraft:stone_pickaxe":166,"minecraft:wooden_pickaxe":17,"minecraft:shield":48,"minecraft:iron_sword":60,"minecraft:torch":95,"minecraft:dirt":110,"minecraft:crafting_table":2,"minecraft:bread":38,"minecraft:iron_pickaxe":243,"minecraft:smooth_sandstone":1,"minecraft:stone_axe":118,"minecraft:basalt":10,"minecraft:cobblestone":31,"minecraft:bow":6,"minecraft:egg":1},"minecraft:picked_up":{"minecraft:crafting_table":2,"minecraft:magma_block":1,"minecraft:wheat":7,"minecraft:feather":3,"minecraft:basalt":10,"minecraft:chicken":3,"minecraft:leather":4,"minecraft:oak_log":6,"minecraft:shield":1,"minecraft:gunpowder":2,"minecraft:dirt":501,"minecraft:lapis_lazuli":12,"minecraft:string":3,"minecraft:smooth_sandstone":1,"minecraft:bone":5,"minecraft:blackstone":5,"minecraft:bow":1,"minecraft:wheat_seeds":44,"minecraft:cartography_table":1,"minecraft:bucket":1,"minecraft:beef":11,"minecraft:iron_ore":120,"minecraft:egg":2,"minecraft:stick":18,"minecraft:torch":39,"minecraft:diorite":11,"minecraft:gold_ore":1,"minecraft:spider_eye":2,"minecraft:arrow":6,"minecraft:rotten_flesh":12,"minecraft:stone_axe":1,"minecraft:hay_block":57,"minecraft:granite":7,"minecraft:bread":5,"minecraft:oak_sapling":1,"minecraft:coal":107,"minecraft:cobblestone":145,"minecraft:sunflower":5},"minecraft:mined":{"minecraft:blackstone":5,"minecraft:basalt":11,"minecraft:smooth_sandstone":1,"minecraft:crafting_table":2,"minecraft:torch":14,"minecraft:granite":5,"minecraft:grass_block":510,"minecraft:dead_bush":7,"minecraft:tall_grass":9,"minecraft:cobblestone":8,"minecraft:lapis_ore":2,"minecraft:cartography_table":1,"minecraft:diorite":12,"minecraft:wall_torch":3,"minecraft:hay_block":57,"minecraft:tall_seagrass":3,"minecraft:magma_block":2,"minecraft:iron_ore":96,"minecraft:wheat":7,"minecraft:andesite":1,"minecraft:grass":54,"minecraft:oak_log":6,"minecraft:coal_ore":111,"minecraft:sunflower":8,"minecraft:gravel":1,"minecraft:sand":1,"minecraft:dirt":18,"minecraft:stone":159,"minecraft:gold_ore":1,"minecraft:oak_leaves":1},"minecraft:dropped":{"minecraft:bread":21,"minecraft:stone_axe":1,"minecraft:granite":7,"minecraft:stick":10,"minecraft:torch":1,"minecraft:sunflower":5,"minecraft:iron_pickaxe":1,"minecraft:bone":1},"minecraft:crafted":{"minecraft:oak_planks":24,"minecraft:wooden_pickaxe":1,"minecraft:iron_helmet":1,"minecraft:iron_sword":1,"minecraft:stone_axe":1,"minecraft:bread":173,"minecraft:air":0,"minecraft:iron_boots":1,"minecraft:iron_chestplate":1,"minecraft:iron_axe":1,"minecraft:stick":36,"minecraft:iron_ingot":46,"minecraft:iron_pickaxe":2,"minecraft:stone_pickaxe":2,"minecraft:wooden_axe":1,"minecraft:iron_shovel":2,"minecraft:iron_leggings":1,"minecraft:torch":72,"minecraft:wheat":513}},"DataVersion":2586}