{"stats":{"minecraft:crafted":{"minecraft:oak_planks":868,"minecraft:iron_boots":1,"minecraft:iron_axe":2,"minecraft:stone_pickaxe":2,"minecraft:oak_fence":42,"minecraft:wheat":513,"minecraft:oak_slab":54,"minecraft:emerald":68,"minecraft:wooden_pickaxe":1,"minecraft:iron_helmet":1,"minecraft:iron_sword":2,"minecraft:stone_axe":1,"minecraft:bread":173,"minecraft:air":0,"minecraft:iron_chestplate":1,"minecraft:diamond_pickaxe":2,"minecraft:shield":1,"minecraft:stick":1417,"minecraft:iron_ingot":150,"minecraft:iron_pickaxe":3,"minecraft:wooden_axe":1,"minecraft:iron_shovel":2,"minecraft:iron_leggings":1,"minecraft:pumpkin_pie":48,"minecraft:torch":244},"minecraft:mined":{"minecraft:diamond_ore":12,"minecraft:oak_sapling":7,"minecraft:granite":95,"minecraft:grass_block":1072,"minecraft:cartography_table":1,"minecraft:hay_block":57,"minecraft:tall_seagrass":3,"minecraft:magma_block":2,"minecraft:redstone_ore":134,"minecraft:iron_ore":286,"minecraft:andesite":74,"minecraft:rail":5,"minecraft:stone":1648,"minecraft:oak_slab":5,"minecraft:blackstone":5,"minecraft:basalt":11,"minecraft:dandelion":1,"minecraft:oak_fence":8,"minecraft:smooth_sandstone":1,"minecraft:crafting_table":2,"minecraft:torch":16,"minecraft:dead_bush":11,"minecraft:tall_grass":36,"minecraft:cobblestone":32,"minecraft:lapis_ore":13,"minecraft:oak_planks":8,"minecraft:diorite":50,"minecraft:wall_torch":8,"minecraft:wheat":7,"minecraft:grass":168,"minecraft:oak_log":220,"minecraft:coal_ore":456,"minecraft:sunflower":10,"minecraft:gravel":33,"minecraft:sand":1,"minecraft:dirt":66,"minecraft:cobweb":10,"minecraft:gold_ore":15,"minecraft:oak_leaves":119},"minecraft:used":{"minecraft:oak_fence":35,"minecraft:stone_sword":31,"minecraft:iron_shovel":603,"minecraft:shield":58,"minecraft:iron_sword":162,"minecraft:torch":217,"minecraft:dirt":456,"minecraft:granite":2,"minecraft:iron_axe":345,"minecraft:smooth_sandstone":1,"minecraft:basalt":10,"minecraft:bow":12,"minecraft:oak_sapling":33,"minecraft:minecart":2,"minecraft:egg":2,"minecraft:diorite":11,"minecraft:stone_pickaxe":166,"minecraft:ender_pearl":1,"minecraft:wooden_pickaxe":17,"minecraft:oak_leaves":1,"minecraft:rail":6,"minecraft:oak_slab":58,"minecraft:crafting_table":2,"minecraft:diamond_pickaxe":2178,"minecraft:diamond_shovel":667,"minecraft:bread":66,"minecraft:iron_pickaxe":493,"minecraft:stone_axe":118,"minecraft:cobblestone":438,"minecraft:pumpkin_pie":11},"minecraft:picked_up":{"minecraft:crafting_table":2,"minecraft:wheat":7,"minecraft:chicken":4,"minecraft:shield":1,"minecraft:string":11,"minecraft:iron_shovel":1,"minecraft:blackstone":5,"minecraft:cartography_table":1,"minecraft:bucket":1,"minecraft:beef":11,"minecraft:minecart":2,"minecraft:egg":2,"minecraft:stick":40,"minecraft:oak_fence":7,"minecraft:torch":46,"minecraft:diorite":48,"minecraft:redstone":577,"minecraft:arrow":6,"minecraft:rotten_flesh":23,"minecraft:hay_block":57,"minecraft:cobblestone":1563,"minecraft:rail":12,"minecraft:magma_block":1,"minecraft:feather":3,"minecraft:basalt":10,"minecraft:andesite":76,"minecraft:leather":4,"minecraft:flint":5,"minecraft:oak_log":217,"minecraft:gunpowder":2,"minecraft:lapis_lazuli":91,"minecraft:dirt":867,"minecraft:smooth_sandstone":1,"minecraft:bone":7,"minecraft:apple":2,"minecraft:bow":1,"minecraft:wheat_seeds":70,"minecraft:iron_ingot":4,"minecraft:iron_ore":304,"minecraft:iron_sword":1,"minecraft:oak_planks":7,"minecraft:oak_slab":7,"minecraft:dandelion":8,"minecraft:gravel":27,"minecraft:gold_ore":15,"minecraft:spider_eye":4,"minecraft:diamond_shovel":2,"minecraft:diamond":12,"minecraft:stone_axe":1,"minecraft:granite":90,"minecraft:bread":5,"minecraft:oak_sapling":33,"minecraft:coal":450,"minecraft:oak_leaves":1,"minecraft:diamond_pickaxe":2,"minecraft:ender_pearl":1,"minecraft:sunflower":7},"minecraft:broken":{"minecraft:iron_shovel":2,"minecraft:stone_axe":1,"minecraft:iron_pickaxe":2},"minecraft:custom":{"minecraft:mob_kills":64,"minecraft:interact_with_crafting_table":36,"minecraft:open_barrel":3,"minecraft:bell_ring":11,"minecraft:leave_game":24,"minecraft:time_since_death":99883,"minecraft:climb_one_cm":1528,"minecraft:sprint_one_cm":660468,"minecraft:walk_one_cm":802813,"minecraft:damage_blocked_by_shield":2435,"minecraft:drop":55,"minecraft:talked_to_villager":73,"minecraft:deaths":2,"minecraft:sneak_time":10736,"minecraft:walk_under_water_one_cm":22013,"minecraft:jump":4789,"minecraft:interact_with_blast_furnace":10,"minecraft:walk_on_water_one_cm":21173,"minecraft:interact_with_furnace":25,"minecraft:traded_with_villager":81,"minecraft:play_one_minute":383489,"minecraft:sleep_in_bed":5,"minecraft:time_since_rest":2380,"minecraft:damage_taken":3412,"minecraft:damage_dealt":8656,"minecraft:swim_one_cm":11927,"minecraft:fly_one_cm":892362,"minecraft:open_chest":132,"minecraft:crouch_one_cm":36676,"minecraft:fall_one_cm":69984},"minecraft:dropped":{"minecraft:iron_ingot":6,"minecraft:bread":21,"minecraft:iron_sword":1,"minecraft:lapis_lazuli":2,"minecraft:cobblestone":193,"minecraft:granite":42,"minecraft:stick":14,"minecraft:dirt":12,"minecraft:torch":1,"minecraft:sunflower":7,"minecraft:iron_pickaxe":1,"minecraft:dandelion":8,"minecraft:bone":1,"minecraft:stone_axe":1,"minecraft:diamond_pickaxe":1},"minecraft:killed":{"minecraft:cave_spider":2,"minecraft:spider":7,"minecraft:skeleton":10,"minecraft:chicken":4,"minecraft:magma_cube":8,"minecraft:husk":3,"minecraft:creeper":2,"minecraft:zombie":24,"minecraft:cow":5},"minecraft:killed_by":{"minecraft:phantom":1}},"DataVersion":2586}