{"stats":{"minecraft:killed":{"minecraft:cave_spider":2,"minecraft:spider":7,"minecraft:skeleton":10,"minecraft:chicken":4,"minecraft:magma_cube":8,"minecraft:husk":3,"minecraft:creeper":1,"minecraft:zombie":22,"minecraft:cow":5},"minecraft:crafted":{"minecraft:oak_planks":264,"minecraft:iron_boots":1,"minecraft:iron_axe":1,"minecraft:stone_pickaxe":2,"minecraft:oak_fence":42,"minecraft:wheat":513,"minecraft:oak_slab":54,"minecraft:emerald":8,"minecraft:wooden_pickaxe":1,"minecraft:iron_helmet":1,"minecraft:iron_sword":1,"minecraft:stone_axe":1,"minecraft:bread":173,"minecraft:air":0,"minecraft:iron_chestplate":1,"minecraft:stick":181,"minecraft:iron_ingot":46,"minecraft:iron_pickaxe":3,"minecraft:wooden_axe":1,"minecraft:iron_shovel":2,"minecraft:iron_leggings":1,"minecraft:torch":176},"minecraft:mined":{"minecraft:diamond_ore":4,"minecraft:oak_sapling":1,"minecraft:granite":40,"minecraft:grass_block":1072,"minecraft:cartography_table":1,"minecraft:hay_block":57,"minecraft:tall_seagrass":3,"minecraft:magma_block":2,"minecraft:redstone_ore":52,"minecraft:iron_ore":192,"minecraft:andesite":28,"minecraft:stone":657,"minecraft:oak_slab":5,"minecraft:blackstone":5,"minecraft:basalt":11,"minecraft:dandelion":1,"minecraft:oak_fence":8,"minecraft:smooth_sandstone":1,"minecraft:crafting_table":2,"minecraft:torch":16,"minecraft:dead_bush":11,"minecraft:tall_grass":36,"minecraft:cobblestone":20,"minecraft:lapis_ore":10,"minecraft:oak_planks":8,"minecraft:diorite":29,"minecraft:wall_torch":6,"minecraft:wheat":7,"minecraft:grass":168,"minecraft:oak_log":67,"minecraft:coal_ore":282,"minecraft:sunflower":10,"minecraft:gravel":1,"minecraft:sand":1,"minecraft:dirt":34,"minecraft:cobweb":10,"minecraft:gold_ore":6,"minecraft:oak_leaves":26},"minecraft:picked_up":{"minecraft:crafting_table":2,"minecraft:wheat":7,"minecraft:chicken":4,"minecraft:shield":1,"minecraft:string":11,"minecraft:iron_shovel":1,"minecraft:blackstone":5,"minecraft:cartography_table":1,"minecraft:bucket":1,"minecraft:beef":11,"minecraft:egg":2,"minecraft:stick":34,"minecraft:oak_fence":7,"minecraft:torch":44,"minecraft:diorite":27,"minecraft:redstone":232,"minecraft:arrow":6,"minecraft:rotten_flesh":21,"minecraft:hay_block":57,"minecraft:cobblestone":630,"minecraft:magma_block":1,"minecraft:feather":3,"minecraft:basalt":10,"minecraft:andesite":27,"minecraft:leather":4,"minecraft:oak_log":66,"minecraft:gunpowder":2,"minecraft:lapis_lazuli":66,"minecraft:dirt":855,"minecraft:smooth_sandstone":1,"minecraft:bone":7,"minecraft:apple":2,"minecraft:bow":1,"minecraft:wheat_seeds":70,"minecraft:iron_ingot":4,"minecraft:iron_ore":211,"minecraft:oak_planks":7,"minecraft:iron_sword":1,"minecraft:oak_slab":7,"minecraft:dandelion":8,"minecraft:gold_ore":6,"minecraft:spider_eye":4,"minecraft:diamond_shovel":1,"minecraft:diamond":4,"minecraft:stone_axe":1,"minecraft:granite":42,"minecraft:bread":5,"minecraft:oak_sapling":15,"minecraft:coal":278,"minecraft:oak_leaves":1,"minecraft:diamond_pickaxe":2,"minecraft:sunflower":7},"minecraft:used":{"minecraft:oak_fence":35,"minecraft:stone_sword":31,"minecraft:iron_shovel":603,"minecraft:shield":53,"minecraft:iron_sword":152,"minecraft:torch":164,"minecraft:dirt":456,"minecraft:iron_axe":109,"minecraft:smooth_sandstone":1,"minecraft:basalt":10,"minecraft:bow":12,"minecraft:oak_sapling":15,"minecraft:egg":2,"minecraft:diorite":7,"minecraft:stone_pickaxe":166,"minecraft:wooden_pickaxe":17,"minecraft:oak_leaves":1,"minecraft:oak_slab":58,"minecraft:crafting_table":2,"minecraft:diamond_pickaxe":907,"minecraft:diamond_shovel":607,"minecraft:bread":66,"minecraft:iron_pickaxe":262,"minecraft:stone_axe":118,"minecraft:cobblestone":203},"minecraft:broken":{"minecraft:iron_shovel":2,"minecraft:stone_axe":1,"minecraft:iron_pickaxe":1},"minecraft:dropped":{"minecraft:iron_ingot":6,"minecraft:bread":21,"minecraft:iron_sword":1,"minecraft:lapis_lazuli":2,"minecraft:cobblestone":129,"minecraft:granite":42,"minecraft:stick":10,"minecraft:torch":1,"minecraft:sunflower":7,"minecraft:iron_pickaxe":1,"minecraft:dandelion":8,"minecraft:bone":1,"minecraft:stone_axe":1,"minecraft:diamond_pickaxe":1},"minecraft:killed_by":{"minecraft:phantom":1},"minecraft:custom":{"minecraft:mob_kills":61,"minecraft:interact_with_crafting_table":30,"minecraft:bell_ring":11,"minecraft:leave_game":18,"minecraft:time_since_death":0,"minecraft:climb_one_cm":792,"minecraft:sprint_one_cm":517109,"minecraft:walk_one_cm":563530,"minecraft:damage_blocked_by_shield":2210,"minecraft:drop":52,"minecraft:talked_to_villager":17,"minecraft:deaths":1,"minecraft:sneak_time":9613,"minecraft:walk_under_water_one_cm":20353,"minecraft:jump":3838,"minecraft:interact_with_blast_furnace":2,"minecraft:walk_on_water_one_cm":16314,"minecraft:interact_with_furnace":19,"minecraft:traded_with_villager":8,"minecraft:play_one_minute":281991,"minecraft:sleep_in_bed":3,"minecraft:time_since_rest":11532,"minecraft:damage_taken":2784,"minecraft:damage_dealt":8045,"minecraft:swim_one_cm":8635,"minecraft:fly_one_cm":729242,"minecraft:open_chest":94,"minecraft:crouch_one_cm":33900,"minecraft:fall_one_cm":61526}},"DataVersion":2586}