{"stats":{"minecraft:custom":{"minecraft:damage_taken":400,"minecraft:time_since_rest":23163,"minecraft:walk_one_cm":75735,"minecraft:sprint_one_cm":86376,"minecraft:damage_blocked_by_shield":290,"minecraft:mob_kills":11,"minecraft:drop":1,"minecraft:damage_dealt":823,"minecraft:swim_one_cm":344,"minecraft:interact_with_crafting_table":5,"minecraft:fly_one_cm":174195,"minecraft:talked_to_villager":2,"minecraft:open_chest":1,"minecraft:play_one_minute":44546,"minecraft:crouch_one_cm":9018,"minecraft:bell_ring":11,"minecraft:sneak_time":2806,"minecraft:walk_under_water_one_cm":62,"minecraft:jump":847,"minecraft:leave_game":4,"minecraft:time_since_death":44546,"minecraft:walk_on_water_one_cm":1256,"minecraft:sleep_in_bed":1,"minecraft:fall_one_cm":23289},"minecraft:used":{"minecraft:bread":9,"minecraft:stone_pickaxe":25,"minecraft:smooth_sandstone":1,"minecraft:shield":3,"minecraft:wooden_pickaxe":17,"minecraft:stone_axe":91,"minecraft:basalt":10,"minecraft:dirt":8,"minecraft:cobblestone":4,"minecraft:crafting_table":1},"minecraft:killed":{"minecraft:magma_cube":4,"minecraft:chicken":2,"minecraft:cow":5},"minecraft:picked_up":{"minecraft:crafting_table":2,"minecraft:stick":6,"minecraft:magma_block":1,"minecraft:wheat":7,"minecraft:chicken":2,"minecraft:feather":3,"minecraft:basalt":10,"minecraft:leather":4,"minecraft:torch":3,"minecraft:oak_log":6,"minecraft:shield":1,"minecraft:dirt":18,"minecraft:smooth_sandstone":1,"minecraft:blackstone":5,"minecraft:stone_axe":1,"minecraft:cartography_table":1,"minecraft:wheat_seeds":26,"minecraft:hay_block":57,"minecraft:beef":11,"minecraft:cobblestone":17,"minecraft:egg":1},"minecraft:dropped":{"minecraft:stone_axe":1},"minecraft:mined":{"minecraft:hay_block":57,"minecraft:magma_block":2,"minecraft:blackstone":5,"minecraft:wheat":7,"minecraft:basalt":11,"minecraft:smooth_sandstone":1,"minecraft:crafting_table":2,"minecraft:torch":4,"minecraft:grass":8,"minecraft:grass_block":6,"minecraft:oak_log":6,"minecraft:coal_ore":1,"minecraft:dead_bush":7,"minecraft:dirt":2,"minecraft:sand":1,"minecraft:tall_grass":1,"minecraft:cobblestone":2,"minecraft:stone":19,"minecraft:cartography_table":1,"minecraft:oak_leaves":1},"minecraft:crafted":{"minecraft:oak_planks":12,"minecraft:stick":12,"minecraft:wooden_pickaxe":1,"minecraft:stone_pickaxe":2,"minecraft:wooden_axe":1,"minecraft:stone_axe":1,"minecraft:bread":30,"minecraft:wheat":90}},"DataVersion":2586}