{"stats":{"minecraft:broken":{"minecraft:iron_shovel":2,"minecraft:stone_axe":1,"minecraft:iron_pickaxe":1},"minecraft:custom":{"minecraft:interact_with_furnace":19,"minecraft:mob_kills":42,"minecraft:interact_with_crafting_table":23,"minecraft:play_one_minute":134189,"minecraft:bell_ring":11,"minecraft:leave_game":10,"minecraft:time_since_death":134189,"minecraft:sleep_in_bed":3,"minecraft:climb_one_cm":792,"minecraft:time_since_rest":38924,"minecraft:sprint_one_cm":333373,"minecraft:damage_taken":1723,"minecraft:walk_one_cm":355029,"minecraft:damage_blocked_by_shield":2045,"minecraft:drop":37,"minecraft:damage_dealt":5952,"minecraft:swim_one_cm":7226,"minecraft:talked_to_villager":2,"minecraft:fly_one_cm":409838,"minecraft:open_chest":47,"minecraft:crouch_one_cm":25750,"minecraft:sneak_time":6945,"minecraft:walk_under_water_one_cm":18023,"minecraft:jump":2333,"minecraft:interact_with_blast_furnace":2,"minecraft:walk_on_water_one_cm":14072,"minecraft:fall_one_cm":39752},"minecraft:killed":{"minecraft:magma_cube":4,"minecraft:husk":2,"minecraft:spider":5,"minecraft:creeper":1,"minecraft:skeleton":6,"minecraft:zombie":17,"minecraft:chicken":3,"minecraft:cow":5},"minecraft:used":{"minecraft:stone_sword":31,"minecraft:iron_shovel":603,"minecraft:stone_pickaxe":166,"minecraft:wooden_pickaxe":17,"minecraft:shield":49,"minecraft:iron_sword":83,"minecraft:torch":95,"minecraft:dirt":157,"minecraft:crafting_table":2,"minecraft:diamond_shovel":598,"minecraft:iron_axe":2,"minecraft:bread":41,"minecraft:iron_pickaxe":262,"minecraft:smooth_sandstone":1,"minecraft:stone_axe":118,"minecraft:basalt":10,"minecraft:cobblestone":31,"minecraft:bow":6,"minecraft:oak_sapling":2,"minecraft:egg":1},"minecraft:picked_up":{"minecraft:crafting_table":2,"minecraft:magma_block":1,"minecraft:wheat":7,"minecraft:feather":3,"minecraft:basalt":10,"minecraft:chicken":3,"minecraft:leather":4,"minecraft:oak_log":6,"minecraft:shield":1,"minecraft:gunpowder":2,"minecraft:dirt":837,"minecraft:lapis_lazuli":12,"minecraft:string":5,"minecraft:smooth_sandstone":1,"minecraft:iron_shovel":1,"minecraft:bone":5,"minecraft:blackstone":5,"minecraft:apple":1,"minecraft:bow":1,"minecraft:wheat_seeds":68,"minecraft:cartography_table":1,"minecraft:bucket":1,"minecraft:beef":11,"minecraft:iron_ore":120,"minecraft:egg":2,"minecraft:stick":20,"minecraft:torch":39,"minecraft:dandelion":8,"minecraft:diorite":14,"minecraft:gold_ore":1,"minecraft:spider_eye":2,"minecraft:diamond_shovel":1,"minecraft:arrow":6,"minecraft:rotten_flesh":15,"minecraft:stone_axe":1,"minecraft:hay_block":57,"minecraft:granite":7,"minecraft:bread":5,"minecraft:oak_sapling":4,"minecraft:coal":107,"minecraft:cobblestone":161,"minecraft:sunflower":5},"minecraft:mined":{"minecraft:oak_sapling":1,"minecraft:blackstone":5,"minecraft:basalt":11,"minecraft:dandelion":1,"minecraft:smooth_sandstone":1,"minecraft:crafting_table":2,"minecraft:torch":14,"minecraft:granite":5,"minecraft:grass_block":1068,"minecraft:dead_bush":7,"minecraft:tall_grass":35,"minecraft:cobblestone":8,"minecraft:lapis_ore":2,"minecraft:cartography_table":1,"minecraft:diorite":15,"minecraft:wall_torch":3,"minecraft:hay_block":57,"minecraft:tall_seagrass":3,"minecraft:magma_block":2,"minecraft:iron_ore":96,"minecraft:wheat":7,"minecraft:andesite":1,"minecraft:grass":132,"minecraft:oak_log":6,"minecraft:coal_ore":111,"minecraft:sunflower":8,"minecraft:gravel":1,"minecraft:sand":1,"minecraft:dirt":20,"minecraft:stone":175,"minecraft:gold_ore":1,"minecraft:oak_leaves":1},"minecraft:dropped":{"minecraft:bread":21,"minecraft:stone_axe":1,"minecraft:granite":7,"minecraft:stick":10,"minecraft:torch":1,"minecraft:sunflower":5,"minecraft:iron_pickaxe":1,"minecraft:bone":1},"minecraft:crafted":{"minecraft:oak_planks":24,"minecraft:wooden_pickaxe":1,"minecraft:iron_helmet":1,"minecraft:iron_sword":1,"minecraft:stone_axe":1,"minecraft:bread":173,"minecraft:air":0,"minecraft:iron_boots":1,"minecraft:iron_chestplate":1,"minecraft:iron_axe":1,"minecraft:stick":36,"minecraft:iron_ingot":46,"minecraft:iron_pickaxe":3,"minecraft:stone_pickaxe":2,"minecraft:wooden_axe":1,"minecraft:iron_shovel":2,"minecraft:iron_leggings":1,"minecraft:torch":72,"minecraft:wheat":513}},"DataVersion":2586}