{"stats":{"minecraft:broken":{"minecraft:stone_axe":1,"minecraft:iron_pickaxe":1},"minecraft:custom":{"minecraft:interact_with_furnace":1,"minecraft:mob_kills":22,"minecraft:interact_with_crafting_table":8,"minecraft:play_one_minute":80430,"minecraft:bell_ring":11,"minecraft:leave_game":5,"minecraft:time_since_death":80430,"minecraft:sleep_in_bed":2,"minecraft:time_since_rest":30164,"minecraft:sprint_one_cm":195316,"minecraft:damage_taken":1305,"minecraft:walk_one_cm":146905,"minecraft:damage_blocked_by_shield":1685,"minecraft:drop":4,"minecraft:damage_dealt":2916,"minecraft:swim_one_cm":4989,"minecraft:talked_to_villager":2,"minecraft:fly_one_cm":272087,"minecraft:open_chest":5,"minecraft:crouch_one_cm":14615,"minecraft:sneak_time":5114,"minecraft:walk_under_water_one_cm":12726,"minecraft:jump":1519,"minecraft:interact_with_blast_furnace":2,"minecraft:walk_on_water_one_cm":7187,"minecraft:fall_one_cm":35394},"minecraft:killed":{"minecraft:magma_cube":4,"minecraft:spider":2,"minecraft:skeleton":4,"minecraft:zombie":5,"minecraft:chicken":2,"minecraft:cow":5},"minecraft:used":{"minecraft:stone_sword":31,"minecraft:stone_pickaxe":99,"minecraft:shield":40,"minecraft:wooden_pickaxe":17,"minecraft:torch":67,"minecraft:dirt":67,"minecraft:crafting_table":2,"minecraft:bread":29,"minecraft:iron_pickaxe":243,"minecraft:smooth_sandstone":1,"minecraft:stone_axe":118,"minecraft:basalt":10,"minecraft:cobblestone":4},"minecraft:picked_up":{"minecraft:magma_block":1,"minecraft:crafting_table":2,"minecraft:wheat":7,"minecraft:feather":3,"minecraft:basalt":10,"minecraft:chicken":2,"minecraft:leather":4,"minecraft:oak_log":6,"minecraft:shield":1,"minecraft:gunpowder":2,"minecraft:string":2,"minecraft:dirt":79,"minecraft:smooth_sandstone":1,"minecraft:bone":3,"minecraft:blackstone":5,"minecraft:bow":1,"minecraft:wheat_seeds":26,"minecraft:cartography_table":1,"minecraft:beef":11,"minecraft:iron_ore":67,"minecraft:egg":1,"minecraft:stick":6,"minecraft:torch":5,"minecraft:diorite":2,"minecraft:gold_ore":1,"minecraft:arrow":3,"minecraft:rotten_flesh":4,"minecraft:stone_axe":1,"minecraft:hay_block":57,"minecraft:granite":7,"minecraft:coal":107,"minecraft:cobblestone":114,"minecraft:sunflower":5},"minecraft:mined":{"minecraft:blackstone":5,"minecraft:basalt":11,"minecraft:smooth_sandstone":1,"minecraft:crafting_table":2,"minecraft:torch":5,"minecraft:granite":5,"minecraft:grass_block":14,"minecraft:dead_bush":7,"minecraft:tall_grass":1,"minecraft:cobblestone":8,"minecraft:lapis_ore":1,"minecraft:cartography_table":1,"minecraft:diorite":3,"minecraft:hay_block":57,"minecraft:magma_block":2,"minecraft:iron_ore":71,"minecraft:wheat":7,"minecraft:andesite":1,"minecraft:grass":12,"minecraft:oak_log":6,"minecraft:coal_ore":111,"minecraft:sunflower":8,"minecraft:gravel":1,"minecraft:sand":1,"minecraft:dirt":11,"minecraft:stone":128,"minecraft:gold_ore":1,"minecraft:oak_leaves":1},"minecraft:dropped":{"minecraft:stone_axe":1,"minecraft:torch":1,"minecraft:sunflower":5,"minecraft:bone":1},"minecraft:crafted":{"minecraft:oak_planks":24,"minecraft:wooden_pickaxe":1,"minecraft:stone_axe":1,"minecraft:bread":30,"minecraft:air":0,"minecraft:stick":36,"minecraft:iron_ingot":4,"minecraft:iron_pickaxe":1,"minecraft:stone_pickaxe":2,"minecraft:wooden_axe":1,"minecraft:torch":72,"minecraft:wheat":90}},"DataVersion":2586}