{"stats":{"minecraft:crafted":{"minecraft:oak_planks":1120,"minecraft:bow":1,"minecraft:iron_boots":1,"minecraft:iron_axe":2,"minecraft:stone_pickaxe":2,"minecraft:oak_fence":42,"minecraft:wheat":513,"minecraft:oak_slab":54,"minecraft:emerald":95,"minecraft:diamond_axe":1,"minecraft:wooden_pickaxe":1,"minecraft:iron_helmet":1,"minecraft:iron_sword":2,"minecraft:stone_axe":1,"minecraft:bread":173,"minecraft:air":0,"minecraft:iron_chestplate":1,"minecraft:diamond_pickaxe":2,"minecraft:shield":1,"minecraft:stick":1921,"minecraft:iron_ingot":150,"minecraft:iron_pickaxe":3,"minecraft:wooden_axe":1,"minecraft:iron_shovel":2,"minecraft:iron_leggings":1,"minecraft:pumpkin_pie":48,"minecraft:torch":244},"minecraft:mined":{"minecraft:diamond_ore":12,"minecraft:oak_sapling":17,"minecraft:granite":95,"minecraft:grass_block":1234,"minecraft:cartography_table":1,"minecraft:hay_block":57,"minecraft:tall_seagrass":3,"minecraft:magma_block":2,"minecraft:redstone_ore":134,"minecraft:iron_ore":286,"minecraft:andesite":74,"minecraft:rail":5,"minecraft:stone":1648,"minecraft:oak_slab":5,"minecraft:blackstone":5,"minecraft:basalt":11,"minecraft:dandelion":1,"minecraft:oak_fence":8,"minecraft:smooth_sandstone":1,"minecraft:crafting_table":2,"minecraft:torch":20,"minecraft:dead_bush":11,"minecraft:tall_grass":47,"minecraft:cobblestone":32,"minecraft:lapis_ore":13,"minecraft:oak_planks":8,"minecraft:diorite":50,"minecraft:wall_torch":8,"minecraft:wheat":7,"minecraft:grass":191,"minecraft:oak_log":284,"minecraft:coal_ore":456,"minecraft:sunflower":10,"minecraft:gravel":33,"minecraft:sand":1,"minecraft:dirt":80,"minecraft:cobweb":10,"minecraft:gold_ore":15,"minecraft:oak_leaves":130},"minecraft:used":{"minecraft:oak_fence":35,"minecraft:stone_sword":31,"minecraft:iron_shovel":603,"minecraft:shield":63,"minecraft:iron_sword":187,"minecraft:torch":219,"minecraft:dirt":457,"minecraft:granite":2,"minecraft:iron_axe":358,"minecraft:smooth_sandstone":1,"minecraft:basalt":10,"minecraft:bow":15,"minecraft:oak_sapling":80,"minecraft:minecart":2,"minecraft:egg":2,"minecraft:diorite":11,"minecraft:stone_pickaxe":166,"minecraft:ender_pearl":1,"minecraft:wooden_pickaxe":17,"minecraft:diamond_axe":62,"minecraft:oak_leaves":1,"minecraft:rail":6,"minecraft:oak_slab":58,"minecraft:crafting_table":2,"minecraft:diamond_pickaxe":2179,"minecraft:diamond_shovel":860,"minecraft:bread":66,"minecraft:iron_pickaxe":493,"minecraft:stone_axe":118,"minecraft:cobblestone":438,"minecraft:pumpkin_pie":20},"minecraft:picked_up":{"minecraft:crafting_table":2,"minecraft:wheat":7,"minecraft:chicken":7,"minecraft:shield":1,"minecraft:string":14,"minecraft:iron_shovel":1,"minecraft:blackstone":5,"minecraft:cartography_table":1,"minecraft:bucket":1,"minecraft:beef":11,"minecraft:minecart":2,"minecraft:egg":2,"minecraft:stick":40,"minecraft:oak_fence":7,"minecraft:torch":48,"minecraft:porkchop":8,"minecraft:diorite":48,"minecraft:redstone":577,"minecraft:arrow":7,"minecraft:rotten_flesh":24,"minecraft:pumpkin_pie":1,"minecraft:hay_block":57,"minecraft:cobblestone":1563,"minecraft:rail":12,"minecraft:magma_block":1,"minecraft:feather":4,"minecraft:basalt":10,"minecraft:andesite":76,"minecraft:leather":4,"minecraft:flint":5,"minecraft:oak_log":280,"minecraft:gunpowder":2,"minecraft:lapis_lazuli":91,"minecraft:dirt":1030,"minecraft:smooth_sandstone":1,"minecraft:bone":8,"minecraft:apple":2,"minecraft:bow":1,"minecraft:wheat_seeds":81,"minecraft:iron_ingot":4,"minecraft:iron_ore":304,"minecraft:iron_sword":1,"minecraft:oak_planks":7,"minecraft:oak_slab":7,"minecraft:dandelion":8,"minecraft:gravel":27,"minecraft:gold_ore":15,"minecraft:spider_eye":5,"minecraft:diamond_shovel":2,"minecraft:diamond":12,"minecraft:stone_axe":1,"minecraft:granite":90,"minecraft:bread":5,"minecraft:oak_sapling":42,"minecraft:diamond_pickaxe":2,"minecraft:coal":450,"minecraft:oak_leaves":1,"minecraft:ender_pearl":1,"minecraft:sunflower":7},"minecraft:broken":{"minecraft:iron_shovel":2,"minecraft:iron_axe":1,"minecraft:stone_axe":1,"minecraft:iron_pickaxe":2},"minecraft:custom":{"minecraft:mob_kills":74,"minecraft:interact_with_crafting_table":37,"minecraft:open_barrel":3,"minecraft:bell_ring":11,"minecraft:leave_game":28,"minecraft:time_since_death":0,"minecraft:climb_one_cm":1528,"minecraft:sprint_one_cm":739161,"minecraft:walk_one_cm":903348,"minecraft:damage_blocked_by_shield":2785,"minecraft:drop":56,"minecraft:talked_to_villager":89,"minecraft:deaths":4,"minecraft:sneak_time":10831,"minecraft:walk_under_water_one_cm":24536,"minecraft:jump":5330,"minecraft:interact_with_blast_furnace":11,"minecraft:walk_on_water_one_cm":23607,"minecraft:interact_with_furnace":30,"minecraft:traded_with_villager":110,"minecraft:play_one_minute":410980,"minecraft:sleep_in_bed":6,"minecraft:time_since_rest":232,"minecraft:damage_taken":4143,"minecraft:damage_dealt":9663,"minecraft:swim_one_cm":12950,"minecraft:fly_one_cm":1022322,"minecraft:open_chest":182,"minecraft:crouch_one_cm":37187,"minecraft:fall_one_cm":79748,"minecraft:horse_one_cm":9676},"minecraft:dropped":{"minecraft:iron_ingot":6,"minecraft:bread":21,"minecraft:iron_sword":1,"minecraft:lapis_lazuli":2,"minecraft:cobblestone":193,"minecraft:granite":42,"minecraft:stick":14,"minecraft:dirt":12,"minecraft:torch":1,"minecraft:pumpkin_pie":1,"minecraft:sunflower":7,"minecraft:iron_pickaxe":1,"minecraft:dandelion":8,"minecraft:bone":1,"minecraft:stone_axe":1,"minecraft:diamond_pickaxe":1},"minecraft:killed":{"minecraft:cave_spider":2,"minecraft:spider":9,"minecraft:skeleton":11,"minecraft:chicken":7,"minecraft:magma_cube":8,"minecraft:husk":3,"minecraft:pig":3,"minecraft:creeper":2,"minecraft:zombie":25,"minecraft:cow":5},"minecraft:killed_by":{"minecraft:phantom":1,"minecraft:zombie":2}},"DataVersion":2586}