{"stats":{"minecraft:custom":{"minecraft:time_since_rest":12354,"minecraft:sprint_one_cm":62230,"minecraft:damage_taken":230,"minecraft:walk_one_cm":66838,"minecraft:mob_kills":11,"minecraft:drop":1,"minecraft:damage_dealt":688,"minecraft:talked_to_villager":2,"minecraft:interact_with_crafting_table":5,"minecraft:fly_one_cm":128251,"minecraft:open_chest":1,"minecraft:crouch_one_cm":9018,"minecraft:play_one_minute":33737,"minecraft:bell_ring":11,"minecraft:sneak_time":2799,"minecraft:jump":650,"minecraft:leave_game":2,"minecraft:time_since_death":33737,"minecraft:walk_on_water_one_cm":214,"minecraft:sleep_in_bed":1,"minecraft:fall_one_cm":16731},"minecraft:used":{"minecraft:bread":6,"minecraft:stone_pickaxe":21,"minecraft:smooth_sandstone":1,"minecraft:wooden_pickaxe":17,"minecraft:stone_axe":90,"minecraft:basalt":10,"minecraft:cobblestone":4,"minecraft:crafting_table":1},"minecraft:killed":{"minecraft:magma_cube":4,"minecraft:chicken":2,"minecraft:cow":5},"minecraft:picked_up":{"minecraft:magma_block":1,"minecraft:basalt":10,"minecraft:stick":5,"minecraft:crafting_table":2,"minecraft:wheat":7,"minecraft:feather":3,"minecraft:chicken":2,"minecraft:leather":4,"minecraft:torch":3,"minecraft:oak_log":6,"minecraft:shield":1,"minecraft:dirt":2,"minecraft:smooth_sandstone":1,"minecraft:blackstone":5,"minecraft:stone_axe":1,"minecraft:cartography_table":1,"minecraft:wheat_seeds":24,"minecraft:hay_block":57,"minecraft:beef":11,"minecraft:cobblestone":14,"minecraft:egg":1},"minecraft:dropped":{"minecraft:stone_axe":1},"minecraft:mined":{"minecraft:magma_block":2,"minecraft:hay_block":57,"minecraft:blackstone":5,"minecraft:wheat":7,"minecraft:basalt":11,"minecraft:smooth_sandstone":1,"minecraft:torch":4,"minecraft:crafting_table":2,"minecraft:grass":8,"minecraft:grass_block":2,"minecraft:oak_log":6,"minecraft:dead_bush":7,"minecraft:sand":1,"minecraft:tall_grass":1,"minecraft:cobblestone":2,"minecraft:stone":17,"minecraft:cartography_table":1,"minecraft:oak_leaves":1},"minecraft:crafted":{"minecraft:oak_planks":12,"minecraft:stick":12,"minecraft:wooden_pickaxe":1,"minecraft:stone_pickaxe":2,"minecraft:wooden_axe":1,"minecraft:stone_axe":1,"minecraft:bread":30,"minecraft:wheat":90}},"DataVersion":2586}