{"stats":{"minecraft:crafted":{"minecraft:oak_planks":748,"minecraft:iron_boots":1,"minecraft:iron_axe":2,"minecraft:stone_pickaxe":2,"minecraft:oak_fence":42,"minecraft:wheat":513,"minecraft:oak_slab":54,"minecraft:emerald":42,"minecraft:wooden_pickaxe":1,"minecraft:iron_helmet":1,"minecraft:iron_sword":2,"minecraft:stone_axe":1,"minecraft:bread":173,"minecraft:air":0,"minecraft:iron_chestplate":1,"minecraft:diamond_pickaxe":1,"minecraft:shield":1,"minecraft:stick":1177,"minecraft:iron_ingot":91,"minecraft:iron_pickaxe":3,"minecraft:wooden_axe":1,"minecraft:iron_shovel":2,"minecraft:iron_leggings":1,"minecraft:pumpkin_pie":48,"minecraft:torch":196},"minecraft:mined":{"minecraft:diamond_ore":8,"minecraft:oak_sapling":7,"minecraft:granite":71,"minecraft:grass_block":1072,"minecraft:cartography_table":1,"minecraft:hay_block":57,"minecraft:tall_seagrass":3,"minecraft:magma_block":2,"minecraft:redstone_ore":86,"minecraft:iron_ore":239,"minecraft:andesite":57,"minecraft:rail":5,"minecraft:stone":1219,"minecraft:oak_slab":5,"minecraft:blackstone":5,"minecraft:basalt":11,"minecraft:dandelion":1,"minecraft:oak_fence":8,"minecraft:smooth_sandstone":1,"minecraft:crafting_table":2,"minecraft:torch":16,"minecraft:dead_bush":11,"minecraft:tall_grass":36,"minecraft:cobblestone":31,"minecraft:lapis_ore":10,"minecraft:oak_planks":8,"minecraft:diorite":46,"minecraft:wall_torch":6,"minecraft:wheat":7,"minecraft:grass":168,"minecraft:oak_log":190,"minecraft:coal_ore":355,"minecraft:sunflower":10,"minecraft:gravel":1,"minecraft:sand":1,"minecraft:dirt":34,"minecraft:cobweb":10,"minecraft:gold_ore":6,"minecraft:oak_leaves":110},"minecraft:used":{"minecraft:oak_fence":35,"minecraft:stone_sword":31,"minecraft:iron_shovel":603,"minecraft:shield":53,"minecraft:iron_sword":152,"minecraft:torch":183,"minecraft:dirt":456,"minecraft:granite":2,"minecraft:iron_axe":303,"minecraft:smooth_sandstone":1,"minecraft:basalt":10,"minecraft:bow":12,"minecraft:oak_sapling":30,"minecraft:minecart":2,"minecraft:egg":2,"minecraft:diorite":11,"minecraft:stone_pickaxe":166,"minecraft:ender_pearl":1,"minecraft:wooden_pickaxe":17,"minecraft:oak_leaves":1,"minecraft:rail":6,"minecraft:oak_slab":58,"minecraft:crafting_table":2,"minecraft:diamond_pickaxe":1487,"minecraft:diamond_shovel":607,"minecraft:bread":66,"minecraft:iron_pickaxe":493,"minecraft:stone_axe":118,"minecraft:cobblestone":294,"minecraft:pumpkin_pie":6},"minecraft:picked_up":{"minecraft:crafting_table":2,"minecraft:wheat":7,"minecraft:chicken":4,"minecraft:shield":1,"minecraft:string":11,"minecraft:iron_shovel":1,"minecraft:blackstone":5,"minecraft:cartography_table":1,"minecraft:bucket":1,"minecraft:beef":11,"minecraft:minecart":2,"minecraft:egg":2,"minecraft:stick":40,"minecraft:oak_fence":7,"minecraft:torch":44,"minecraft:diorite":44,"minecraft:redstone":389,"minecraft:arrow":6,"minecraft:rotten_flesh":21,"minecraft:hay_block":57,"minecraft:cobblestone":1205,"minecraft:rail":12,"minecraft:magma_block":1,"minecraft:feather":3,"minecraft:basalt":10,"minecraft:andesite":59,"minecraft:leather":4,"minecraft:oak_log":187,"minecraft:gunpowder":2,"minecraft:lapis_lazuli":66,"minecraft:dirt":855,"minecraft:smooth_sandstone":1,"minecraft:bone":7,"minecraft:apple":2,"minecraft:bow":1,"minecraft:wheat_seeds":70,"minecraft:iron_ingot":4,"minecraft:iron_ore":258,"minecraft:oak_planks":7,"minecraft:iron_sword":1,"minecraft:oak_slab":7,"minecraft:dandelion":8,"minecraft:gold_ore":6,"minecraft:spider_eye":4,"minecraft:diamond_shovel":2,"minecraft:diamond":8,"minecraft:stone_axe":1,"minecraft:granite":73,"minecraft:bread":5,"minecraft:oak_sapling":33,"minecraft:coal":350,"minecraft:oak_leaves":1,"minecraft:diamond_pickaxe":2,"minecraft:ender_pearl":1,"minecraft:sunflower":7},"minecraft:broken":{"minecraft:iron_shovel":2,"minecraft:stone_axe":1,"minecraft:iron_pickaxe":2},"minecraft:custom":{"minecraft:mob_kills":61,"minecraft:interact_with_crafting_table":33,"minecraft:open_barrel":3,"minecraft:bell_ring":11,"minecraft:leave_game":20,"minecraft:time_since_death":60841,"minecraft:climb_one_cm":1528,"minecraft:sprint_one_cm":601608,"minecraft:walk_one_cm":723268,"minecraft:damage_blocked_by_shield":2210,"minecraft:drop":52,"minecraft:talked_to_villager":56,"minecraft:deaths":2,"minecraft:sneak_time":10134,"minecraft:walk_under_water_one_cm":22013,"minecraft:jump":4372,"minecraft:interact_with_blast_furnace":7,"minecraft:walk_on_water_one_cm":17049,"minecraft:interact_with_furnace":25,"minecraft:traded_with_villager":54,"minecraft:play_one_minute":344447,"minecraft:sleep_in_bed":4,"minecraft:time_since_rest":59887,"minecraft:damage_taken":3230,"minecraft:damage_dealt":8055,"minecraft:swim_one_cm":11927,"minecraft:fly_one_cm":834310,"minecraft:open_chest":122,"minecraft:crouch_one_cm":35361,"minecraft:fall_one_cm":67960},"minecraft:dropped":{"minecraft:iron_ingot":6,"minecraft:bread":21,"minecraft:iron_sword":1,"minecraft:lapis_lazuli":2,"minecraft:cobblestone":129,"minecraft:granite":42,"minecraft:stick":10,"minecraft:torch":1,"minecraft:sunflower":7,"minecraft:iron_pickaxe":1,"minecraft:dandelion":8,"minecraft:bone":1,"minecraft:stone_axe":1,"minecraft:diamond_pickaxe":1},"minecraft:killed":{"minecraft:cave_spider":2,"minecraft:spider":7,"minecraft:skeleton":10,"minecraft:chicken":4,"minecraft:magma_cube":8,"minecraft:husk":3,"minecraft:creeper":1,"minecraft:zombie":22,"minecraft:cow":5},"minecraft:killed_by":{"minecraft:phantom":1}},"DataVersion":2586}