{"stats":{"minecraft:broken":{"minecraft:stone_axe":1},"minecraft:custom":{"minecraft:interact_with_furnace":1,"minecraft:mob_kills":17,"minecraft:interact_with_crafting_table":6,"minecraft:play_one_minute":56430,"minecraft:bell_ring":11,"minecraft:leave_game":5,"minecraft:time_since_death":56430,"minecraft:sleep_in_bed":2,"minecraft:time_since_rest":6164,"minecraft:sprint_one_cm":132281,"minecraft:damage_taken":820,"minecraft:walk_one_cm":92736,"minecraft:damage_blocked_by_shield":1220,"minecraft:drop":2,"minecraft:damage_dealt":1840,"minecraft:swim_one_cm":2136,"minecraft:talked_to_villager":2,"minecraft:fly_one_cm":245139,"minecraft:open_chest":5,"minecraft:crouch_one_cm":10078,"minecraft:sneak_time":3177,"minecraft:walk_under_water_one_cm":3446,"minecraft:jump":1158,"minecraft:interact_with_blast_furnace":2,"minecraft:walk_on_water_one_cm":2506,"minecraft:fall_one_cm":29405},"minecraft:killed":{"minecraft:magma_cube":4,"minecraft:spider":1,"minecraft:skeleton":3,"minecraft:zombie":2,"minecraft:chicken":2,"minecraft:cow":5},"minecraft:used":{"minecraft:stone_sword":5,"minecraft:stone_pickaxe":39,"minecraft:shield":29,"minecraft:wooden_pickaxe":17,"minecraft:dirt":32,"minecraft:crafting_table":1,"minecraft:bread":18,"minecraft:iron_pickaxe":4,"minecraft:smooth_sandstone":1,"minecraft:stone_axe":118,"minecraft:basalt":10,"minecraft:cobblestone":4},"minecraft:picked_up":{"minecraft:magma_block":1,"minecraft:crafting_table":2,"minecraft:wheat":7,"minecraft:feather":3,"minecraft:basalt":10,"minecraft:chicken":2,"minecraft:leather":4,"minecraft:oak_log":6,"minecraft:shield":1,"minecraft:gunpowder":2,"minecraft:string":2,"minecraft:dirt":79,"minecraft:smooth_sandstone":1,"minecraft:bone":1,"minecraft:blackstone":5,"minecraft:bow":1,"minecraft:wheat_seeds":26,"minecraft:cartography_table":1,"minecraft:beef":11,"minecraft:iron_ore":4,"minecraft:egg":1,"minecraft:stick":6,"minecraft:torch":3,"minecraft:arrow":3,"minecraft:rotten_flesh":2,"minecraft:stone_axe":1,"minecraft:hay_block":57,"minecraft:coal":1,"minecraft:cobblestone":29,"minecraft:sunflower":5},"minecraft:mined":{"minecraft:blackstone":5,"minecraft:basalt":11,"minecraft:smooth_sandstone":1,"minecraft:crafting_table":2,"minecraft:torch":4,"minecraft:grass_block":14,"minecraft:dead_bush":7,"minecraft:tall_grass":1,"minecraft:cobblestone":4,"minecraft:cartography_table":1,"minecraft:hay_block":57,"minecraft:magma_block":2,"minecraft:iron_ore":4,"minecraft:wheat":7,"minecraft:grass":12,"minecraft:oak_log":6,"minecraft:coal_ore":2,"minecraft:sunflower":8,"minecraft:sand":1,"minecraft:dirt":11,"minecraft:stone":29,"minecraft:oak_leaves":1},"minecraft:dropped":{"minecraft:stone_axe":1,"minecraft:bone":1},"minecraft:crafted":{"minecraft:oak_planks":12,"minecraft:wooden_pickaxe":1,"minecraft:stone_axe":1,"minecraft:bread":30,"minecraft:air":0,"minecraft:stick":12,"minecraft:iron_ingot":4,"minecraft:iron_pickaxe":1,"minecraft:stone_pickaxe":2,"minecraft:wooden_axe":1,"minecraft:wheat":90}},"DataVersion":2586}