{
  "minecraft:recipes/misc/charcoal": {
    "criteria": {
      "has_log": "2024-12-10 02:49:55 +0000"
    },
    "done": true
  },
  "minecraft:recipes/building_blocks/oak_planks": {
    "criteria": {
      "has_logs": "2024-12-10 02:49:55 +0000"
    },
    "done": true
  },
  "minecraft:recipes/building_blocks/oak_wood": {
    "criteria": {
      "has_log": "2024-12-10 02:49:55 +0000"
    },
    "done": true
  },
  "minecraft:adventure/adventuring_time": {
    "criteria": {
      "minecraft:desert": "2024-12-10 02:47:11 +0000",
      "minecraft:plains": "2024-12-10 02:46:53 +0000"
    },
    "done": false
  },
  "DataVersion": 2586
}